VALUE;DATE
85;2023-03-08 11:23:50.281
88;2023-03-08 11:23:50.297
47;2023-03-08 11:23:50.303
13;2023-03-08 11:23:50.309
54;2023-03-08 11:23:50.314
4;2023-03-08 11:23:50.32
34;2023-03-08 11:23:50.325
6;2023-03-08 11:23:50.33
78;2023-03-08 11:23:50.336
48;2023-03-08 11:23:50.342
69;2023-03-08 11:23:50.347
73;2023-03-08 11:23:50.352
17;2023-03-08 11:23:50.358
63;2023-03-08 11:23:50.364
62;2023-03-08 11:23:50.37
34;2023-03-08 11:23:50.376
92;2023-03-08 11:23:50.381
62;2023-03-08 11:23:50.387
96;2023-03-08 11:23:50.393
89;2023-03-08 11:23:50.398
76;2023-03-08 11:23:50.403
32;2023-03-08 11:23:50.409
10;2023-03-08 11:23:50.415
99;2023-03-08 11:23:50.421
74;2023-03-08 11:23:50.427
59;2023-03-08 11:23:50.432
98;2023-03-08 11:23:50.438
53;2023-03-08 11:23:50.445
37;2023-03-08 11:23:50.451
2;2023-03-08 11:23:50.457
5;2023-03-08 11:23:50.462
54;2023-03-08 11:23:50.468
0;2023-03-08 11:23:50.474
6;2023-03-08 11:23:50.481
63;2023-03-08 11:23:50.487
55;2023-03-08 11:23:50.493
89;2023-03-08 11:23:50.501
20;2023-03-08 11:23:50.506
75;2023-03-08 11:23:50.512
34;2023-03-08 11:23:50.517
15;2023-03-08 11:23:50.523
60;2023-03-08 11:23:50.528
77;2023-03-08 11:23:50.534
37;2023-03-08 11:23:50.539
77;2023-03-08 11:23:50.545
92;2023-03-08 11:23:50.551
20;2023-03-08 11:23:50.556
88;2023-03-08 11:23:50.562
0;2023-03-08 11:23:50.568
57;2023-03-08 11:23:50.574
52;2023-03-08 11:23:50.579
33;2023-03-08 11:23:50.585
76;2023-03-08 11:23:50.59
55;2023-03-08 11:23:50.596
36;2023-03-08 11:23:50.601
45;2023-03-08 11:23:50.607
58;2023-03-08 11:23:50.613
29;2023-03-08 11:23:50.618
4;2023-03-08 11:23:50.624
84;2023-03-08 11:23:50.629
0;2023-03-08 11:23:50.634
51;2023-03-08 11:23:50.64
86;2023-03-08 11:23:50.646
83;2023-03-08 11:23:50.652
98;2023-03-08 11:23:50.658
96;2023-03-08 11:23:50.664
8;2023-03-08 11:23:50.67
14;2023-03-08 11:23:50.676
65;2023-03-08 11:23:50.682
28;2023-03-08 11:23:50.688
59;2023-03-08 11:23:50.693
16;2023-03-08 11:23:50.699
15;2023-03-08 11:23:50.704
58;2023-03-08 11:23:50.71
22;2023-03-08 11:23:50.715
87;2023-03-08 11:23:50.721
92;2023-03-08 11:23:50.727
31;2023-03-08 11:23:50.732
1;2023-03-08 11:23:50.739
97;2023-03-08 11:23:50.745
88;2023-03-08 11:23:50.751
62;2023-03-08 11:23:50.758
41;2023-03-08 11:23:50.764
8;2023-03-08 11:23:50.77
85;2023-03-08 11:23:50.776
69;2023-03-08 11:23:50.781
79;2023-03-08 11:23:50.787
95;2023-03-08 11:23:50.793
59;2023-03-08 11:23:50.799
10;2023-03-08 11:23:50.805
17;2023-03-08 11:23:50.81
26;2023-03-08 11:23:50.816
74;2023-03-08 11:23:50.822
20;2023-03-08 11:23:50.827
53;2023-03-08 11:23:50.833
25;2023-03-08 11:23:50.839
1;2023-03-08 11:23:50.844
1;2023-03-08 11:23:50.85
36;2023-03-08 11:23:50.856
50;2023-03-08 11:23:50.861
74;2023-03-08 11:23:50.867
32;2023-03-08 11:23:50.873
94;2023-03-08 11:23:50.879
75;2023-03-08 11:23:50.885
94;2023-03-08 11:23:50.891
24;2023-03-08 11:23:50.896
8;2023-03-08 11:23:50.902
43;2023-03-08 11:23:50.907
3;2023-03-08 11:23:50.913
47;2023-03-08 11:23:50.919
67;2023-03-08 11:23:50.925
80;2023-03-08 11:23:50.93
51;2023-03-08 11:23:50.936
33;2023-03-08 11:23:50.941
57;2023-03-08 11:23:50.947
66;2023-03-08 11:23:50.952
77;2023-03-08 11:23:50.958
45;2023-03-08 11:23:50.964
50;2023-03-08 11:23:50.971
69;2023-03-08 11:23:50.977
8;2023-03-08 11:23:50.982
3;2023-03-08 11:23:50.988
90;2023-03-08 11:23:50.994
76;2023-03-08 11:23:51.0
16;2023-03-08 11:23:51.006
96;2023-03-08 11:23:51.011
21;2023-03-08 11:23:51.017
99;2023-03-08 11:23:51.023
34;2023-03-08 11:23:51.029
19;2023-03-08 11:23:51.035
28;2023-03-08 11:23:51.04
71;2023-03-08 11:23:51.047
50;2023-03-08 11:23:51.052
5;2023-03-08 11:23:51.058
95;2023-03-08 11:23:51.063
56;2023-03-08 11:23:51.068
64;2023-03-08 11:23:51.074
91;2023-03-08 11:23:51.08
16;2023-03-08 11:23:51.086
36;2023-03-08 11:23:51.091
88;2023-03-08 11:23:51.097
28;2023-03-08 11:23:51.103
11;2023-03-08 11:23:51.109
62;2023-03-08 11:23:51.114
63;2023-03-08 11:23:51.12
90;2023-03-08 11:23:51.126
79;2023-03-08 11:23:51.132
95;2023-03-08 11:23:51.138
92;2023-03-08 11:23:51.143
63;2023-03-08 11:23:51.15
94;2023-03-08 11:23:51.156
42;2023-03-08 11:23:51.162
23;2023-03-08 11:23:51.167
97;2023-03-08 11:23:51.173
1;2023-03-08 11:23:51.178
75;2023-03-08 11:23:51.184
57;2023-03-08 11:23:51.189
64;2023-03-08 11:23:51.195
7;2023-03-08 11:23:51.2
57;2023-03-08 11:23:51.206
49;2023-03-08 11:23:51.211
56;2023-03-08 11:23:51.218
57;2023-03-08 11:23:51.223
49;2023-03-08 11:23:51.228
83;2023-03-08 11:23:51.234
46;2023-03-08 11:23:51.24
91;2023-03-08 11:23:51.245
46;2023-03-08 11:23:51.252
88;2023-03-08 11:23:51.258
35;2023-03-08 11:23:51.264
77;2023-03-08 11:23:51.27
8;2023-03-08 11:23:51.276
42;2023-03-08 11:23:51.282
35;2023-03-08 11:23:51.288
96;2023-03-08 11:23:51.293
70;2023-03-08 11:23:51.299
70;2023-03-08 11:23:51.305
29;2023-03-08 11:23:51.311
95;2023-03-08 11:23:51.316
8;2023-03-08 11:23:51.322
40;2023-03-08 11:23:51.328
40;2023-03-08 11:23:51.334
35;2023-03-08 11:23:51.339
6;2023-03-08 11:23:51.345
98;2023-03-08 11:23:51.351
87;2023-03-08 11:23:51.357
28;2023-03-08 11:23:51.363
9;2023-03-08 11:23:51.368
2;2023-03-08 11:23:51.374
99;2023-03-08 11:23:51.38
91;2023-03-08 11:23:51.385
60;2023-03-08 11:23:51.391
38;2023-03-08 11:23:51.397
33;2023-03-08 11:23:51.403
5;2023-03-08 11:23:51.409
32;2023-03-08 11:23:51.416
81;2023-03-08 11:23:51.422
15;2023-03-08 11:23:51.427
9;2023-03-08 11:23:51.433
66;2023-03-08 11:23:51.439
96;2023-03-08 11:23:51.444
7;2023-03-08 11:23:51.45
83;2023-03-08 11:23:51.456
38;2023-03-08 11:23:51.461
2;2023-03-08 11:23:51.468
67;2023-03-08 11:23:51.474
32;2023-03-08 11:23:51.48
17;2023-03-08 11:23:51.486
18;2023-03-08 11:23:51.492
45;2023-03-08 11:23:51.498
94;2023-03-08 11:23:51.503
91;2023-03-08 11:23:51.509
36;2023-03-08 11:23:51.515
79;2023-03-08 11:23:51.522
68;2023-03-08 11:23:51.528
98;2023-03-08 11:23:51.534
83;2023-03-08 11:23:51.54
63;2023-03-08 11:23:51.546
74;2023-03-08 11:23:51.551
0;2023-03-08 11:23:51.557
54;2023-03-08 11:23:51.563
89;2023-03-08 11:23:51.57
69;2023-03-08 11:23:51.576
72;2023-03-08 11:23:51.581
40;2023-03-08 11:23:51.587
58;2023-03-08 11:23:51.593
50;2023-03-08 11:23:51.598
76;2023-03-08 11:23:51.604
31;2023-03-08 11:23:51.61
68;2023-03-08 11:23:51.615
66;2023-03-08 11:23:51.621
75;2023-03-08 11:23:51.627
50;2023-03-08 11:23:51.633
20;2023-03-08 11:23:51.639
46;2023-03-08 11:23:51.644
19;2023-03-08 11:23:51.65
39;2023-03-08 11:23:51.656
8;2023-03-08 11:23:51.661
24;2023-03-08 11:23:51.668
86;2023-03-08 11:23:51.673
41;2023-03-08 11:23:51.679
39;2023-03-08 11:23:51.685
78;2023-03-08 11:23:51.691
69;2023-03-08 11:23:51.696
97;2023-03-08 11:23:51.702
48;2023-03-08 11:23:51.707
58;2023-03-08 11:23:51.713
62;2023-03-08 11:23:51.72
76;2023-03-08 11:23:51.725
47;2023-03-08 11:23:51.731
39;2023-03-08 11:23:51.737
11;2023-03-08 11:23:51.743
9;2023-03-08 11:23:51.749
98;2023-03-08 11:23:51.755
48;2023-03-08 11:23:51.761
84;2023-03-08 11:23:51.767
61;2023-03-08 11:23:51.773
2;2023-03-08 11:23:51.779
99;2023-03-08 11:23:51.786
25;2023-03-08 11:23:51.791
65;2023-03-08 11:23:51.797
34;2023-03-08 11:23:51.802
66;2023-03-08 11:23:51.808
70;2023-03-08 11:23:51.813
51;2023-03-08 11:23:51.818
15;2023-03-08 11:23:51.824
98;2023-03-08 11:23:51.83
17;2023-03-08 11:23:51.835
86;2023-03-08 11:23:51.841
99;2023-03-08 11:23:51.846
3;2023-03-08 11:23:51.852
42;2023-03-08 11:23:51.857
20;2023-03-08 11:23:51.863
51;2023-03-08 11:23:51.868
53;2023-03-08 11:23:51.874
10;2023-03-08 11:23:51.88
5;2023-03-08 11:23:51.886
3;2023-03-08 11:23:51.892
92;2023-03-08 11:23:51.898
29;2023-03-08 11:23:51.904
6;2023-03-08 11:23:51.909
53;2023-03-08 11:23:51.915
68;2023-03-08 11:23:51.921
21;2023-03-08 11:23:51.926
8;2023-03-08 11:23:51.932
3;2023-03-08 11:23:51.938
85;2023-03-08 11:23:51.944
29;2023-03-08 11:23:51.95
36;2023-03-08 11:23:51.955
58;2023-03-08 11:23:51.961
41;2023-03-08 11:23:51.966
8;2023-03-08 11:23:51.971
64;2023-03-08 11:23:51.977
28;2023-03-08 11:23:51.982
36;2023-03-08 11:23:51.988
71;2023-03-08 11:23:51.993
76;2023-03-08 11:23:51.998
89;2023-03-08 11:23:52.004
63;2023-03-08 11:23:52.01
81;2023-03-08 11:23:52.015
94;2023-03-08 11:23:52.02
10;2023-03-08 11:23:52.026
95;2023-03-08 11:23:52.031
4;2023-03-08 11:23:52.037
67;2023-03-08 11:23:52.042
5;2023-03-08 11:23:52.048
21;2023-03-08 11:23:52.054
70;2023-03-08 11:23:52.059
44;2023-03-08 11:23:52.064
13;2023-03-08 11:23:52.071
95;2023-03-08 11:23:52.076
24;2023-03-08 11:23:52.082
29;2023-03-08 11:23:52.087
33;2023-03-08 11:23:52.093
63;2023-03-08 11:23:52.099
8;2023-03-08 11:23:52.104
6;2023-03-08 11:23:52.11
66;2023-03-08 11:23:52.115
23;2023-03-08 11:23:52.12
6;2023-03-08 11:23:52.127
16;2023-03-08 11:23:52.133
78;2023-03-08 11:23:52.139
98;2023-03-08 11:23:52.144
31;2023-03-08 11:23:52.15
63;2023-03-08 11:23:52.156
3;2023-03-08 11:23:52.162
69;2023-03-08 11:23:52.168
89;2023-03-08 11:23:52.173
59;2023-03-08 11:23:52.18
49;2023-03-08 11:23:52.185
2;2023-03-08 11:23:52.191
27;2023-03-08 11:23:52.197
63;2023-03-08 11:23:52.202
19;2023-03-08 11:23:52.208
9;2023-03-08 11:23:52.213
89;2023-03-08 11:23:52.219
66;2023-03-08 11:23:52.225
52;2023-03-08 11:23:52.231
20;2023-03-08 11:23:52.236
94;2023-03-08 11:23:52.241
5;2023-03-08 11:23:52.247
77;2023-03-08 11:23:52.253
23;2023-03-08 11:23:52.258
98;2023-03-08 11:23:52.264
10;2023-03-08 11:23:52.27
49;2023-03-08 11:23:52.276
86;2023-03-08 11:23:52.281
14;2023-03-08 11:23:52.287
68;2023-03-08 11:23:52.293
62;2023-03-08 11:23:52.299
3;2023-03-08 11:23:52.304
67;2023-03-08 11:23:52.309
63;2023-03-08 11:23:52.315
70;2023-03-08 11:23:52.321
99;2023-03-08 11:23:52.326
99;2023-03-08 11:23:52.333
55;2023-03-08 11:23:52.339
97;2023-03-08 11:23:52.344
9;2023-03-08 11:23:52.35
84;2023-03-08 11:23:52.355
65;2023-03-08 11:23:52.362
73;2023-03-08 11:23:52.367
57;2023-03-08 11:23:52.372
11;2023-03-08 11:23:52.378
62;2023-03-08 11:23:52.383
82;2023-03-08 11:23:52.389
68;2023-03-08 11:23:52.394
25;2023-03-08 11:23:52.4
5;2023-03-08 11:23:52.405
69;2023-03-08 11:23:52.411
69;2023-03-08 11:23:52.416
0;2023-03-08 11:23:52.422
56;2023-03-08 11:23:52.428
75;2023-03-08 11:23:52.433
32;2023-03-08 11:23:52.439
72;2023-03-08 11:23:52.444
15;2023-03-08 11:23:52.45
27;2023-03-08 11:23:52.456
87;2023-03-08 11:23:52.461
81;2023-03-08 11:23:52.467
21;2023-03-08 11:23:52.472
56;2023-03-08 11:23:52.478
53;2023-03-08 11:23:52.484
94;2023-03-08 11:23:52.489
79;2023-03-08 11:23:52.495
6;2023-03-08 11:23:52.5
49;2023-03-08 11:23:52.506
68;2023-03-08 11:23:52.512
47;2023-03-08 11:23:52.517
28;2023-03-08 11:23:52.523
47;2023-03-08 11:23:52.529
13;2023-03-08 11:23:52.535
34;2023-03-08 11:23:52.54
7;2023-03-08 11:23:52.546
74;2023-03-08 11:23:52.551
69;2023-03-08 11:23:52.557
10;2023-03-08 11:23:52.563
89;2023-03-08 11:23:52.568
54;2023-03-08 11:23:52.574
23;2023-03-08 11:23:52.579
4;2023-03-08 11:23:52.585
36;2023-03-08 11:23:52.591
33;2023-03-08 11:23:52.597
73;2023-03-08 11:23:52.602
29;2023-03-08 11:23:52.608
40;2023-03-08 11:23:52.613
61;2023-03-08 11:23:52.619
73;2023-03-08 11:23:52.624
8;2023-03-08 11:23:52.63
4;2023-03-08 11:23:52.636
8;2023-03-08 11:23:52.641
24;2023-03-08 11:23:52.647
77;2023-03-08 11:23:52.652
50;2023-03-08 11:23:52.658
25;2023-03-08 11:23:52.663
40;2023-03-08 11:23:52.669
73;2023-03-08 11:23:52.675
89;2023-03-08 11:23:52.68
11;2023-03-08 11:23:52.686
83;2023-03-08 11:23:52.691
51;2023-03-08 11:23:52.698
59;2023-03-08 11:23:52.703
4;2023-03-08 11:23:52.709
48;2023-03-08 11:23:52.714
93;2023-03-08 11:23:52.721
61;2023-03-08 11:23:52.726
40;2023-03-08 11:23:52.732
54;2023-03-08 11:23:52.737
56;2023-03-08 11:23:52.743
94;2023-03-08 11:23:52.748
12;2023-03-08 11:23:52.754
23;2023-03-08 11:23:52.759
78;2023-03-08 11:23:52.765
49;2023-03-08 11:23:52.771
14;2023-03-08 11:23:52.777
94;2023-03-08 11:23:52.782
45;2023-03-08 11:23:52.788
55;2023-03-08 11:23:52.794
75;2023-03-08 11:23:52.8
78;2023-03-08 11:23:52.806
43;2023-03-08 11:23:52.812
84;2023-03-08 11:23:52.817
8;2023-03-08 11:23:52.823
63;2023-03-08 11:23:52.829
73;2023-03-08 11:23:52.834
87;2023-03-08 11:23:52.84
18;2023-03-08 11:23:52.845
28;2023-03-08 11:23:52.851
9;2023-03-08 11:23:52.857
97;2023-03-08 11:23:52.863
53;2023-03-08 11:23:52.869
46;2023-03-08 11:23:52.875
36;2023-03-08 11:23:52.881
75;2023-03-08 11:23:52.887
20;2023-03-08 11:23:52.893
0;2023-03-08 11:23:52.899
24;2023-03-08 11:23:52.904
47;2023-03-08 11:23:52.91
67;2023-03-08 11:23:52.916
44;2023-03-08 11:23:52.921
31;2023-03-08 11:23:52.927
12;2023-03-08 11:23:52.932
41;2023-03-08 11:23:52.938
14;2023-03-08 11:23:52.944
17;2023-03-08 11:23:52.949
0;2023-03-08 11:23:52.955
22;2023-03-08 11:23:52.96
5;2023-03-08 11:23:52.966
24;2023-03-08 11:23:52.971
36;2023-03-08 11:23:52.977
9;2023-03-08 11:23:52.983
90;2023-03-08 11:23:52.99
95;2023-03-08 11:23:52.997
51;2023-03-08 11:23:53.003
80;2023-03-08 11:23:53.009
17;2023-03-08 11:23:53.015
76;2023-03-08 11:23:53.02
11;2023-03-08 11:23:53.026
69;2023-03-08 11:23:53.032
40;2023-03-08 11:23:53.038
83;2023-03-08 11:23:53.045
68;2023-03-08 11:23:53.05
43;2023-03-08 11:23:53.055
71;2023-03-08 11:23:53.062
25;2023-03-08 11:23:53.068
94;2023-03-08 11:23:53.074
94;2023-03-08 11:23:53.08
65;2023-03-08 11:23:53.085
50;2023-03-08 11:23:53.091
63;2023-03-08 11:23:53.097
28;2023-03-08 11:23:53.103
28;2023-03-08 11:23:53.109
71;2023-03-08 11:23:53.114
84;2023-03-08 11:23:53.12
18;2023-03-08 11:23:53.126
4;2023-03-08 11:23:53.132
83;2023-03-08 11:23:53.138
72;2023-03-08 11:23:53.145
47;2023-03-08 11:23:53.152
55;2023-03-08 11:23:53.157
89;2023-03-08 11:23:53.164
87;2023-03-08 11:23:53.169
44;2023-03-08 11:23:53.176
38;2023-03-08 11:23:53.181
75;2023-03-08 11:23:53.187
92;2023-03-08 11:23:53.193
26;2023-03-08 11:23:53.199
72;2023-03-08 11:23:53.205
7;2023-03-08 11:23:53.211
91;2023-03-08 11:23:53.216
41;2023-03-08 11:23:53.222
80;2023-03-08 11:23:53.229
87;2023-03-08 11:23:53.235
18;2023-03-08 11:23:53.24
65;2023-03-08 11:23:53.246
24;2023-03-08 11:23:53.252
34;2023-03-08 11:23:53.257
6;2023-03-08 11:23:53.264
67;2023-03-08 11:23:53.27
16;2023-03-08 11:23:53.276
30;2023-03-08 11:23:53.282
59;2023-03-08 11:23:53.287
9;2023-03-08 11:23:53.293
38;2023-03-08 11:23:53.3
77;2023-03-08 11:23:53.305
81;2023-03-08 11:23:53.311
59;2023-03-08 11:23:53.317
20;2023-03-08 11:23:53.323
26;2023-03-08 11:23:53.328
90;2023-03-08 11:23:53.334
19;2023-03-08 11:23:53.34
49;2023-03-08 11:23:53.346
84;2023-03-08 11:23:53.351
93;2023-03-08 11:23:53.357
76;2023-03-08 11:23:53.363
89;2023-03-08 11:23:53.369
9;2023-03-08 11:23:53.375
65;2023-03-08 11:23:53.381
39;2023-03-08 11:23:53.387
83;2023-03-08 11:23:53.393
25;2023-03-08 11:23:53.399
50;2023-03-08 11:23:53.405
63;2023-03-08 11:23:53.411
33;2023-03-08 11:23:53.417
45;2023-03-08 11:23:53.423
9;2023-03-08 11:23:53.429
32;2023-03-08 11:23:53.435
83;2023-03-08 11:23:53.441
16;2023-03-08 11:23:53.447
31;2023-03-08 11:23:53.453
59;2023-03-08 11:23:53.458
69;2023-03-08 11:23:53.464
30;2023-03-08 11:23:53.469
21;2023-03-08 11:23:53.476
28;2023-03-08 11:23:53.481
99;2023-03-08 11:23:53.487
56;2023-03-08 11:23:53.493
3;2023-03-08 11:23:53.5
27;2023-03-08 11:23:53.506
75;2023-03-08 11:23:53.512
28;2023-03-08 11:23:53.518
62;2023-03-08 11:23:53.524
37;2023-03-08 11:23:53.529
69;2023-03-08 11:23:53.535
66;2023-03-08 11:23:53.54
77;2023-03-08 11:23:53.546
9;2023-03-08 11:23:53.553
52;2023-03-08 11:23:53.559
95;2023-03-08 11:23:53.565
44;2023-03-08 11:23:53.57
76;2023-03-08 11:23:53.576
46;2023-03-08 11:23:53.581
90;2023-03-08 11:23:53.586
8;2023-03-08 11:23:53.592
51;2023-03-08 11:23:53.598
18;2023-03-08 11:23:53.603
53;2023-03-08 11:23:53.61
87;2023-03-08 11:23:53.615
18;2023-03-08 11:23:53.621
46;2023-03-08 11:23:53.627
95;2023-03-08 11:23:53.632
83;2023-03-08 11:23:53.638
9;2023-03-08 11:23:53.643
51;2023-03-08 11:23:53.649
84;2023-03-08 11:23:53.655
74;2023-03-08 11:23:53.661
67;2023-03-08 11:23:53.667
49;2023-03-08 11:23:53.672
41;2023-03-08 11:23:53.678
30;2023-03-08 11:23:53.683
36;2023-03-08 11:23:53.689
48;2023-03-08 11:23:53.695
50;2023-03-08 11:23:53.701
16;2023-03-08 11:23:53.707
57;2023-03-08 11:23:53.712
33;2023-03-08 11:23:53.719
30;2023-03-08 11:23:53.725
43;2023-03-08 11:23:53.73
6;2023-03-08 11:23:53.736
43;2023-03-08 11:23:53.742
91;2023-03-08 11:23:53.748
41;2023-03-08 11:23:53.754
88;2023-03-08 11:23:53.759
57;2023-03-08 11:23:53.765
75;2023-03-08 11:23:53.77
85;2023-03-08 11:23:53.776
84;2023-03-08 11:23:53.781
24;2023-03-08 11:23:53.787
71;2023-03-08 11:23:53.793
25;2023-03-08 11:23:53.799
37;2023-03-08 11:23:53.805
63;2023-03-08 11:23:53.811
54;2023-03-08 11:23:53.816
60;2023-03-08 11:23:53.822
2;2023-03-08 11:23:53.828
91;2023-03-08 11:23:53.833
93;2023-03-08 11:23:53.839
45;2023-03-08 11:23:53.845
24;2023-03-08 11:23:53.85
78;2023-03-08 11:23:53.856
23;2023-03-08 11:23:53.862
26;2023-03-08 11:23:53.868
55;2023-03-08 11:23:53.873
80;2023-03-08 11:23:53.879
72;2023-03-08 11:23:53.884
4;2023-03-08 11:23:53.891
76;2023-03-08 11:23:53.896
52;2023-03-08 11:23:53.902
16;2023-03-08 11:23:53.908
8;2023-03-08 11:23:53.913
47;2023-03-08 11:23:53.919
25;2023-03-08 11:23:53.925
71;2023-03-08 11:23:53.931
70;2023-03-08 11:23:53.936
59;2023-03-08 11:23:53.942
88;2023-03-08 11:23:53.947
19;2023-03-08 11:23:53.953
58;2023-03-08 11:23:53.959
63;2023-03-08 11:23:53.965
67;2023-03-08 11:23:53.97
22;2023-03-08 11:23:53.976
39;2023-03-08 11:23:53.982
48;2023-03-08 11:23:53.988
12;2023-03-08 11:23:53.994
73;2023-03-08 11:23:54.0
89;2023-03-08 11:23:54.006
9;2023-03-08 11:23:54.012
52;2023-03-08 11:23:54.018
81;2023-03-08 11:23:54.023
65;2023-03-08 11:23:54.029
70;2023-03-08 11:23:54.035
60;2023-03-08 11:23:54.041
94;2023-03-08 11:23:54.047
68;2023-03-08 11:23:54.052
67;2023-03-08 11:23:54.058
50;2023-03-08 11:23:54.064
26;2023-03-08 11:23:54.07
93;2023-03-08 11:23:54.076
48;2023-03-08 11:23:54.081
17;2023-03-08 11:23:54.087
81;2023-03-08 11:23:54.093
86;2023-03-08 11:23:54.099
14;2023-03-08 11:23:54.105
74;2023-03-08 11:23:54.11
76;2023-03-08 11:23:54.116
33;2023-03-08 11:23:54.122
89;2023-03-08 11:23:54.127
87;2023-03-08 11:23:54.133
15;2023-03-08 11:23:54.139
30;2023-03-08 11:23:54.144
20;2023-03-08 11:23:54.15
26;2023-03-08 11:23:54.155
64;2023-03-08 11:23:54.161
1;2023-03-08 11:23:54.166
47;2023-03-08 11:23:54.172
39;2023-03-08 11:23:54.178
8;2023-03-08 11:23:54.183
3;2023-03-08 11:23:54.189
24;2023-03-08 11:23:54.195
47;2023-03-08 11:23:54.201
45;2023-03-08 11:23:54.208
57;2023-03-08 11:23:54.214
38;2023-03-08 11:23:54.219
25;2023-03-08 11:23:54.225
39;2023-03-08 11:23:54.231
43;2023-03-08 11:23:54.236
46;2023-03-08 11:23:54.242
47;2023-03-08 11:23:54.248
76;2023-03-08 11:23:54.253
60;2023-03-08 11:23:54.26
23;2023-03-08 11:23:54.266
70;2023-03-08 11:23:54.272
53;2023-03-08 11:23:54.278
79;2023-03-08 11:23:54.285
13;2023-03-08 11:23:54.291
71;2023-03-08 11:23:54.297
6;2023-03-08 11:23:54.302
39;2023-03-08 11:23:54.308
38;2023-03-08 11:23:54.314
26;2023-03-08 11:23:54.32
46;2023-03-08 11:23:54.325
65;2023-03-08 11:23:54.33
14;2023-03-08 11:23:54.336
77;2023-03-08 11:23:54.342
95;2023-03-08 11:23:54.347
38;2023-03-08 11:23:54.353
86;2023-03-08 11:23:54.359
46;2023-03-08 11:23:54.364
24;2023-03-08 11:23:54.37
9;2023-03-08 11:23:54.375
80;2023-03-08 11:23:54.381
99;2023-03-08 11:23:54.386
47;2023-03-08 11:23:54.394
38;2023-03-08 11:23:54.4
50;2023-03-08 11:23:54.407
23;2023-03-08 11:23:54.413
73;2023-03-08 11:23:54.418
40;2023-03-08 11:23:54.424
76;2023-03-08 11:23:54.43
30;2023-03-08 11:23:54.435
94;2023-03-08 11:23:54.442
85;2023-03-08 11:23:54.448
56;2023-03-08 11:23:54.454
65;2023-03-08 11:23:54.46
70;2023-03-08 11:23:54.466
75;2023-03-08 11:23:54.472
85;2023-03-08 11:23:54.478
12;2023-03-08 11:23:54.484
29;2023-03-08 11:23:54.49
60;2023-03-08 11:23:54.495
11;2023-03-08 11:23:54.502
93;2023-03-08 11:23:54.51
68;2023-03-08 11:23:54.518
20;2023-03-08 11:23:54.525
78;2023-03-08 11:23:54.53
29;2023-03-08 11:23:54.536
84;2023-03-08 11:23:54.543
68;2023-03-08 11:23:54.549
50;2023-03-08 11:23:54.555
11;2023-03-08 11:23:54.561
13;2023-03-08 11:23:54.567
99;2023-03-08 11:23:54.573
12;2023-03-08 11:23:54.58
25;2023-03-08 11:23:54.585
3;2023-03-08 11:23:54.591
92;2023-03-08 11:23:54.597
96;2023-03-08 11:23:54.603
76;2023-03-08 11:23:54.61
53;2023-03-08 11:23:54.616
77;2023-03-08 11:23:54.622
35;2023-03-08 11:23:54.629
92;2023-03-08 11:23:54.635
76;2023-03-08 11:23:54.643
55;2023-03-08 11:23:54.65
27;2023-03-08 11:23:54.656
32;2023-03-08 11:23:54.663
30;2023-03-08 11:23:54.67
84;2023-03-08 11:23:54.675
13;2023-03-08 11:23:54.681
44;2023-03-08 11:23:54.687
29;2023-03-08 11:23:54.693
12;2023-03-08 11:23:54.699
54;2023-03-08 11:23:54.705
92;2023-03-08 11:23:54.711
66;2023-03-08 11:23:54.718
49;2023-03-08 11:23:54.725
8;2023-03-08 11:23:54.731
70;2023-03-08 11:23:54.737
99;2023-03-08 11:23:54.742
73;2023-03-08 11:23:54.749
69;2023-03-08 11:23:54.756
93;2023-03-08 11:23:54.761
34;2023-03-08 11:23:54.767
61;2023-03-08 11:23:54.775
6;2023-03-08 11:23:54.781
16;2023-03-08 11:23:54.787
91;2023-03-08 11:23:54.793
50;2023-03-08 11:23:54.799
38;2023-03-08 11:23:54.806
18;2023-03-08 11:23:54.812
26;2023-03-08 11:23:54.818
88;2023-03-08 11:23:54.824
73;2023-03-08 11:23:54.83
0;2023-03-08 11:23:54.835
5;2023-03-08 11:23:54.841
92;2023-03-08 11:23:54.847
4;2023-03-08 11:23:54.852
38;2023-03-08 11:23:54.858
33;2023-03-08 11:23:54.865
8;2023-03-08 11:23:54.871
38;2023-03-08 11:23:54.876
27;2023-03-08 11:23:54.882
61;2023-03-08 11:23:54.888
19;2023-03-08 11:23:54.894
5;2023-03-08 11:23:54.9
99;2023-03-08 11:23:54.906
19;2023-03-08 11:23:54.912
63;2023-03-08 11:23:54.92
31;2023-03-08 11:23:54.926
59;2023-03-08 11:23:54.932
52;2023-03-08 11:23:54.938
57;2023-03-08 11:23:54.943
29;2023-03-08 11:23:54.949
44;2023-03-08 11:23:54.954
23;2023-03-08 11:23:54.961
7;2023-03-08 11:23:54.967
3;2023-03-08 11:23:54.973
49;2023-03-08 11:23:54.979
14;2023-03-08 11:23:54.985
70;2023-03-08 11:23:54.992
14;2023-03-08 11:23:54.997
19;2023-03-08 11:23:55.003
84;2023-03-08 11:23:55.009
49;2023-03-08 11:23:55.015
18;2023-03-08 11:23:55.021
95;2023-03-08 11:23:55.026
59;2023-03-08 11:23:55.031
70;2023-03-08 11:23:55.037
47;2023-03-08 11:23:55.044
83;2023-03-08 11:23:55.051
50;2023-03-08 11:23:55.057
70;2023-03-08 11:23:55.063
4;2023-03-08 11:23:55.069
19;2023-03-08 11:23:55.075
59;2023-03-08 11:23:55.081
64;2023-03-08 11:23:55.087
91;2023-03-08 11:23:55.093
58;2023-03-08 11:23:55.099
56;2023-03-08 11:23:55.105
39;2023-03-08 11:23:55.112
92;2023-03-08 11:23:55.118
33;2023-03-08 11:23:55.124
31;2023-03-08 11:23:55.13
2;2023-03-08 11:23:55.136
49;2023-03-08 11:23:55.143
51;2023-03-08 11:23:55.149
29;2023-03-08 11:23:55.154
22;2023-03-08 11:23:55.161
71;2023-03-08 11:23:55.168
32;2023-03-08 11:23:55.174
39;2023-03-08 11:23:55.179
82;2023-03-08 11:23:55.186
31;2023-03-08 11:23:55.192
61;2023-03-08 11:23:55.198
80;2023-03-08 11:23:55.204
50;2023-03-08 11:23:55.209
52;2023-03-08 11:23:55.215
64;2023-03-08 11:23:55.221
16;2023-03-08 11:23:55.227
90;2023-03-08 11:23:55.234
20;2023-03-08 11:23:55.24
2;2023-03-08 11:23:55.246
41;2023-03-08 11:23:55.252
95;2023-03-08 11:23:55.26
46;2023-03-08 11:23:55.266
73;2023-03-08 11:23:55.273
82;2023-03-08 11:23:55.279
12;2023-03-08 11:23:55.285
72;2023-03-08 11:23:55.29
85;2023-03-08 11:23:55.296
36;2023-03-08 11:23:55.301
3;2023-03-08 11:23:55.307
55;2023-03-08 11:23:55.313
67;2023-03-08 11:23:55.32
76;2023-03-08 11:23:55.326
46;2023-03-08 11:23:55.331
5;2023-03-08 11:23:55.337
72;2023-03-08 11:23:55.344
63;2023-03-08 11:23:55.351
21;2023-03-08 11:23:55.356
85;2023-03-08 11:23:55.362
96;2023-03-08 11:23:55.369
96;2023-03-08 11:23:55.375
75;2023-03-08 11:23:55.383
37;2023-03-08 11:23:55.388
46;2023-03-08 11:23:55.396
98;2023-03-08 11:23:55.404
81;2023-03-08 11:23:55.41
37;2023-03-08 11:23:55.416
32;2023-03-08 11:23:55.423
54;2023-03-08 11:23:55.429
48;2023-03-08 11:23:55.435
40;2023-03-08 11:23:55.442
61;2023-03-08 11:23:55.448
99;2023-03-08 11:23:55.455
98;2023-03-08 11:23:55.461
49;2023-03-08 11:23:55.466
83;2023-03-08 11:23:55.472
81;2023-03-08 11:23:55.478
23;2023-03-08 11:23:55.483
12;2023-03-08 11:23:55.49
77;2023-03-08 11:23:55.496
91;2023-03-08 11:23:55.501
18;2023-03-08 11:23:55.508
23;2023-03-08 11:23:55.513
82;2023-03-08 11:23:55.52
63;2023-03-08 11:23:55.526
63;2023-03-08 11:23:55.531
29;2023-03-08 11:23:55.538
66;2023-03-08 11:23:55.545
89;2023-03-08 11:23:55.551
29;2023-03-08 11:23:55.557
62;2023-03-08 11:23:55.563
53;2023-03-08 11:23:55.569
27;2023-03-08 11:23:55.576
72;2023-03-08 11:23:55.582
13;2023-03-08 11:23:55.588
37;2023-03-08 11:23:55.593
16;2023-03-08 11:23:55.599
81;2023-03-08 11:23:55.605
53;2023-03-08 11:23:55.611
59;2023-03-08 11:23:55.62
31;2023-03-08 11:23:55.627
59;2023-03-08 11:23:55.633
22;2023-03-08 11:23:55.64
91;2023-03-08 11:23:55.647
79;2023-03-08 11:23:55.653
71;2023-03-08 11:23:55.658
77;2023-03-08 11:23:55.664
33;2023-03-08 11:23:55.67
97;2023-03-08 11:23:55.676
88;2023-03-08 11:23:55.682
16;2023-03-08 11:23:55.688
72;2023-03-08 11:23:55.695
6;2023-03-08 11:23:55.702
32;2023-03-08 11:23:55.708
85;2023-03-08 11:23:55.714
61;2023-03-08 11:23:55.719
96;2023-03-08 11:23:55.726
26;2023-03-08 11:23:55.732
49;2023-03-08 11:23:55.738
65;2023-03-08 11:23:55.744
68;2023-03-08 11:23:55.75
28;2023-03-08 11:23:55.755
33;2023-03-08 11:23:55.762
72;2023-03-08 11:23:55.768
22;2023-03-08 11:23:55.775
3;2023-03-08 11:23:55.781
1;2023-03-08 11:23:55.787
2;2023-03-08 11:23:55.793
84;2023-03-08 11:23:55.798
26;2023-03-08 11:23:55.804
29;2023-03-08 11:23:55.811
72;2023-03-08 11:23:55.817
88;2023-03-08 11:23:55.823
69;2023-03-08 11:23:55.828
22;2023-03-08 11:23:55.835
24;2023-03-08 11:23:55.842
70;2023-03-08 11:23:55.848
74;2023-03-08 11:23:55.854
37;2023-03-08 11:23:55.861
15;2023-03-08 11:23:55.867
83;2023-03-08 11:23:55.873
61;2023-03-08 11:23:55.879
58;2023-03-08 11:23:55.884
51;2023-03-08 11:23:55.891
73;2023-03-08 11:23:55.896
25;2023-03-08 11:23:55.903
9;2023-03-08 11:23:55.909
33;2023-03-08 11:23:55.914
63;2023-03-08 11:23:55.92
98;2023-03-08 11:23:55.927
54;2023-03-08 11:23:55.933
17;2023-03-08 11:23:55.94
87;2023-03-08 11:23:55.946
12;2023-03-08 11:23:55.951
75;2023-03-08 11:23:55.957
53;2023-03-08 11:23:55.963
47;2023-03-08 11:23:55.968
22;2023-03-08 11:23:55.974
95;2023-03-08 11:23:55.979
84;2023-03-08 11:23:55.985
54;2023-03-08 11:23:55.992
81;2023-03-08 11:23:55.997
97;2023-03-08 11:23:56.003
99;2023-03-08 11:23:56.011
69;2023-03-08 11:23:56.016
96;2023-03-08 11:23:56.022
84;2023-03-08 11:23:56.028
80;2023-03-08 11:23:56.034
95;2023-03-08 11:23:56.04
84;2023-03-08 11:23:56.045
90;2023-03-08 11:23:56.052
95;2023-03-08 11:23:56.058
41;2023-03-08 11:23:56.065
48;2023-03-08 11:23:56.07
28;2023-03-08 11:23:56.076
58;2023-03-08 11:23:56.082
6;2023-03-08 11:23:56.088
86;2023-03-08 11:23:56.094
86;2023-03-08 11:23:56.1
29;2023-03-08 11:23:56.105
79;2023-03-08 11:23:56.111
82;2023-03-08 11:23:56.117
54;2023-03-08 11:23:56.123
70;2023-03-08 11:23:56.129
55;2023-03-08 11:23:56.136
13;2023-03-08 11:23:56.143
92;2023-03-08 11:23:56.149
71;2023-03-08 11:23:56.154
47;2023-03-08 11:23:56.16
10;2023-03-08 11:23:56.165
45;2023-03-08 11:23:56.171
69;2023-03-08 11:23:56.176
9;2023-03-08 11:23:56.182
61;2023-03-08 11:23:56.189
37;2023-03-08 11:23:56.195
30;2023-03-08 11:23:56.2
54;2023-03-08 11:23:56.206
25;2023-03-08 11:23:56.212
72;2023-03-08 11:23:56.219
31;2023-03-08 11:23:56.225
42;2023-03-08 11:23:56.231
36;2023-03-08 11:23:56.237
4;2023-03-08 11:23:56.243
84;2023-03-08 11:23:56.25
8;2023-03-08 11:23:56.257
58;2023-03-08 11:23:56.262
9;2023-03-08 11:23:56.268
2;2023-03-08 11:23:56.275
47;2023-03-08 11:23:56.28
30;2023-03-08 11:23:56.286
9;2023-03-08 11:23:56.292
90;2023-03-08 11:23:56.299
25;2023-03-08 11:23:56.304
85;2023-03-08 11:23:56.31
63;2023-03-08 11:23:56.317
36;2023-03-08 11:23:56.322
75;2023-03-08 11:23:56.328
93;2023-03-08 11:23:56.334
87;2023-03-08 11:23:56.34
26;2023-03-08 11:23:56.347
14;2023-03-08 11:23:56.352
99;2023-03-08 11:23:56.359
69;2023-03-08 11:23:56.365
92;2023-03-08 11:23:56.371
5;2023-03-08 11:23:56.377
46;2023-03-08 11:23:56.382
32;2023-03-08 11:23:56.391
46;2023-03-08 11:23:56.397
27;2023-03-08 11:23:56.403
11;2023-03-08 11:23:56.411
98;2023-03-08 11:23:56.418
85;2023-03-08 11:23:56.424
56;2023-03-08 11:23:56.429
34;2023-03-08 11:23:56.435
6;2023-03-08 11:23:56.441
80;2023-03-08 11:23:56.447
92;2023-03-08 11:23:56.453
55;2023-03-08 11:23:56.459
81;2023-03-08 11:23:56.466
37;2023-03-08 11:23:56.473
0;2023-03-08 11:23:56.479
38;2023-03-08 11:23:56.486
93;2023-03-08 11:23:56.493
83;2023-03-08 11:23:56.498
90;2023-03-08 11:23:56.504
88;2023-03-08 11:23:56.509
24;2023-03-08 11:23:56.515
87;2023-03-08 11:23:56.521
87;2023-03-08 11:23:56.528
46;2023-03-08 11:23:56.535
94;2023-03-08 11:23:56.541
16;2023-03-08 11:23:56.546
8;2023-03-08 11:23:56.554
93;2023-03-08 11:23:56.56
50;2023-03-08 11:23:56.567
29;2023-03-08 11:23:56.572
11;2023-03-08 11:23:56.579
29;2023-03-08 11:23:56.585
83;2023-03-08 11:23:56.591
49;2023-03-08 11:23:56.597
92;2023-03-08 11:23:56.604
24;2023-03-08 11:23:56.609
15;2023-03-08 11:23:56.617
90;2023-03-08 11:23:56.624
16;2023-03-08 11:23:56.63
54;2023-03-08 11:23:56.637
37;2023-03-08 11:23:56.644
99;2023-03-08 11:23:56.65
61;2023-03-08 11:23:56.656
18;2023-03-08 11:23:56.662
52;2023-03-08 11:23:56.669
8;2023-03-08 11:23:56.676
68;2023-03-08 11:23:56.682
96;2023-03-08 11:23:56.688
0;2023-03-08 11:23:56.693
1;2023-03-08 11:23:56.699
24;2023-03-08 11:23:56.705
91;2023-03-08 11:23:56.711
61;2023-03-08 11:23:56.716
35;2023-03-08 11:23:56.724
88;2023-03-08 11:23:56.729
83;2023-03-08 11:23:56.735
42;2023-03-08 11:23:56.741
98;2023-03-08 11:23:56.748
53;2023-03-08 11:23:56.753
27;2023-03-08 11:23:56.761
17;2023-03-08 11:23:56.767
80;2023-03-08 11:23:56.773
42;2023-03-08 11:23:56.78
69;2023-03-08 11:23:56.786
74;2023-03-08 11:23:56.791
87;2023-03-08 11:23:56.797
85;2023-03-08 11:23:56.804
34;2023-03-08 11:23:56.81
73;2023-03-08 11:23:56.816
58;2023-03-08 11:23:56.822
67;2023-03-08 11:23:56.828
93;2023-03-08 11:23:56.835
68;2023-03-08 11:23:56.842
74;2023-03-08 11:23:56.849
79;2023-03-08 11:23:56.855
12;2023-03-08 11:23:56.862
75;2023-03-08 11:23:56.868
44;2023-03-08 11:23:56.874
79;2023-03-08 11:23:56.88
54;2023-03-08 11:23:56.887
92;2023-03-08 11:23:56.892
64;2023-03-08 11:23:56.898
60;2023-03-08 11:23:56.904
5;2023-03-08 11:23:56.91
22;2023-03-08 11:23:56.916
48;2023-03-08 11:23:56.922
70;2023-03-08 11:23:56.928
0;2023-03-08 11:23:56.935
2;2023-03-08 11:23:56.94
90;2023-03-08 11:23:56.947
85;2023-03-08 11:23:56.953
50;2023-03-08 11:23:56.959
76;2023-03-08 11:23:56.965
37;2023-03-08 11:23:56.971
30;2023-03-08 11:23:56.977
2;2023-03-08 11:23:56.983
0;2023-03-08 11:23:56.989
71;2023-03-08 11:23:56.995
25;2023-03-08 11:23:57.001
34;2023-03-08 11:23:57.006
10;2023-03-08 11:23:57.012
13;2023-03-08 11:23:57.018
12;2023-03-08 11:23:57.024
46;2023-03-08 11:23:57.03
77;2023-03-08 11:23:57.036
8;2023-03-08 11:23:57.043
89;2023-03-08 11:23:57.05
57;2023-03-08 11:23:57.057
20;2023-03-08 11:23:57.062
3;2023-03-08 11:23:57.068
50;2023-03-08 11:23:57.074
39;2023-03-08 11:23:57.08
45;2023-03-08 11:23:57.087
10;2023-03-08 11:23:57.094
14;2023-03-08 11:23:57.099
28;2023-03-08 11:23:57.105
48;2023-03-08 11:23:57.111
94;2023-03-08 11:23:57.117
71;2023-03-08 11:23:57.123
6;2023-03-08 11:23:57.129
40;2023-03-08 11:23:57.135
4;2023-03-08 11:23:57.141
75;2023-03-08 11:23:57.146
54;2023-03-08 11:23:57.152
29;2023-03-08 11:23:57.158
56;2023-03-08 11:23:57.163
8;2023-03-08 11:23:57.169
64;2023-03-08 11:23:57.177
86;2023-03-08 11:23:57.184
26;2023-03-08 11:23:57.19
74;2023-03-08 11:23:57.195
16;2023-03-08 11:23:57.201
5;2023-03-08 11:23:57.207
7;2023-03-08 11:23:57.214
11;2023-03-08 11:23:57.22
61;2023-03-08 11:23:57.226
90;2023-03-08 11:23:57.232
42;2023-03-08 11:23:57.239
73;2023-03-08 11:23:57.245
61;2023-03-08 11:23:57.25
57;2023-03-08 11:23:57.255
63;2023-03-08 11:23:57.261
48;2023-03-08 11:23:57.267
72;2023-03-08 11:23:57.273
62;2023-03-08 11:23:57.292
88;2023-03-08 11:23:57.285
82;2023-03-08 11:23:57.297
6;2023-03-08 11:23:57.31
81;2023-03-08 11:23:57.316
65;2023-03-08 11:23:57.322
33;2023-03-08 11:23:57.328
20;2023-03-08 11:23:57.334
57;2023-03-08 11:23:57.339
63;2023-03-08 11:23:57.345
65;2023-03-08 11:23:57.351
47;2023-03-08 11:23:57.356
22;2023-03-08 11:23:57.362
45;2023-03-08 11:23:57.368
32;2023-03-08 11:23:57.374
12;2023-03-08 11:23:57.38
31;2023-03-08 11:23:57.386
95;2023-03-08 11:23:57.392
70;2023-03-08 11:23:57.398
23;2023-03-08 11:23:57.404
50;2023-03-08 11:23:57.409
0;2023-03-08 11:23:57.415
97;2023-03-08 11:23:57.422
63;2023-03-08 11:23:57.427
31;2023-03-08 11:23:57.434
0;2023-03-08 11:23:57.44
18;2023-03-08 11:23:57.446
52;2023-03-08 11:23:57.452
33;2023-03-08 11:23:57.459
34;2023-03-08 11:23:57.464
42;2023-03-08 11:23:57.47
12;2023-03-08 11:23:57.477
45;2023-03-08 11:23:57.483
34;2023-03-08 11:23:57.49
0;2023-03-08 11:23:57.496
32;2023-03-08 11:23:57.502
7;2023-03-08 11:23:57.509
53;2023-03-08 11:23:57.515
44;2023-03-08 11:23:57.521
26;2023-03-08 11:23:57.527
52;2023-03-08 11:23:57.532
72;2023-03-08 11:23:57.54
97;2023-03-08 11:23:57.545
21;2023-03-08 11:23:57.551
53;2023-03-08 11:23:57.557
16;2023-03-08 11:23:57.563
76;2023-03-08 11:23:57.569
92;2023-03-08 11:23:57.575
48;2023-03-08 11:23:57.581
31;2023-03-08 11:23:57.587
23;2023-03-08 11:23:57.593
9;2023-03-08 11:23:57.599
14;2023-03-08 11:23:57.605
72;2023-03-08 11:23:57.611
89;2023-03-08 11:23:57.617
15;2023-03-08 11:23:57.623
49;2023-03-08 11:23:57.629
45;2023-03-08 11:23:57.635
27;2023-03-08 11:23:57.64
77;2023-03-08 11:23:57.646
99;2023-03-08 11:23:57.652
38;2023-03-08 11:23:57.658
87;2023-03-08 11:23:57.664
35;2023-03-08 11:23:57.67
72;2023-03-08 11:23:57.675
99;2023-03-08 11:23:57.681
8;2023-03-08 11:23:57.687
46;2023-03-08 11:23:57.693
77;2023-03-08 11:23:57.699
30;2023-03-08 11:23:57.705
71;2023-03-08 11:23:57.712
13;2023-03-08 11:23:57.718
6;2023-03-08 11:23:57.725
39;2023-03-08 11:23:57.73
37;2023-03-08 11:23:57.735
59;2023-03-08 11:23:57.74
49;2023-03-08 11:23:57.746
5;2023-03-08 11:23:57.753
63;2023-03-08 11:23:57.76
91;2023-03-08 11:23:57.766
49;2023-03-08 11:23:57.773
29;2023-03-08 11:23:57.779
99;2023-03-08 11:23:57.786
72;2023-03-08 11:23:57.793
31;2023-03-08 11:23:57.799
7;2023-03-08 11:23:57.805
96;2023-03-08 11:23:57.813
61;2023-03-08 11:23:57.819
16;2023-03-08 11:23:57.826
82;2023-03-08 11:23:57.832
97;2023-03-08 11:23:57.838
42;2023-03-08 11:23:57.843
62;2023-03-08 11:23:57.848
37;2023-03-08 11:23:57.855
15;2023-03-08 11:23:57.861
93;2023-03-08 11:23:57.868
28;2023-03-08 11:23:57.874
56;2023-03-08 11:23:57.88
74;2023-03-08 11:23:57.886
43;2023-03-08 11:23:57.892
15;2023-03-08 11:23:57.898
36;2023-03-08 11:23:57.904
62;2023-03-08 11:23:57.912
43;2023-03-08 11:23:57.918
43;2023-03-08 11:23:57.924
78;2023-03-08 11:23:57.93
87;2023-03-08 11:23:57.937
54;2023-03-08 11:23:57.943
43;2023-03-08 11:23:57.949
96;2023-03-08 11:23:57.955
78;2023-03-08 11:23:57.961
10;2023-03-08 11:23:57.968
58;2023-03-08 11:23:57.976
2;2023-03-08 11:23:57.982
47;2023-03-08 11:23:57.988
13;2023-03-08 11:23:57.994
35;2023-03-08 11:23:57.999
22;2023-03-08 11:23:58.007
33;2023-03-08 11:23:58.013
37;2023-03-08 11:23:58.019
52;2023-03-08 11:23:58.026
10;2023-03-08 11:23:58.031
33;2023-03-08 11:23:58.037
81;2023-03-08 11:23:58.042
47;2023-03-08 11:23:58.047
9;2023-03-08 11:23:58.053
55;2023-03-08 11:23:58.06
79;2023-03-08 11:23:58.066
98;2023-03-08 11:23:58.072
13;2023-03-08 11:23:58.078
17;2023-03-08 11:23:58.085
9;2023-03-08 11:23:58.092
13;2023-03-08 11:23:58.098
84;2023-03-08 11:23:58.103
34;2023-03-08 11:23:58.109
90;2023-03-08 11:23:58.114
62;2023-03-08 11:23:58.12
8;2023-03-08 11:23:58.126
28;2023-03-08 11:23:58.132
42;2023-03-08 11:23:58.138
1;2023-03-08 11:23:58.144
25;2023-03-08 11:23:58.15
91;2023-03-08 11:23:58.156
59;2023-03-08 11:23:58.163
62;2023-03-08 11:23:58.169
58;2023-03-08 11:23:58.174
23;2023-03-08 11:23:58.18
79;2023-03-08 11:23:58.187
72;2023-03-08 11:23:58.194
7;2023-03-08 11:23:58.2
0;2023-03-08 11:23:58.205
20;2023-03-08 11:23:58.212
88;2023-03-08 11:23:58.218
65;2023-03-08 11:23:58.224
69;2023-03-08 11:23:58.23
2;2023-03-08 11:23:58.235
55;2023-03-08 11:23:58.241
29;2023-03-08 11:23:58.247
2;2023-03-08 11:23:58.252
91;2023-03-08 11:23:58.258
61;2023-03-08 11:23:58.264
16;2023-03-08 11:23:58.271
55;2023-03-08 11:23:58.277
6;2023-03-08 11:23:58.282
55;2023-03-08 11:23:58.288
64;2023-03-08 11:23:58.294
58;2023-03-08 11:23:58.3
90;2023-03-08 11:23:58.306
0;2023-03-08 11:23:58.312
63;2023-03-08 11:23:58.318
12;2023-03-08 11:23:58.324
10;2023-03-08 11:23:58.329
16;2023-03-08 11:23:58.335
32;2023-03-08 11:23:58.341
85;2023-03-08 11:23:58.348
25;2023-03-08 11:23:58.356
26;2023-03-08 11:23:58.362
0;2023-03-08 11:23:58.368
63;2023-03-08 11:23:58.374
16;2023-03-08 11:23:58.381
32;2023-03-08 11:23:58.387
47;2023-03-08 11:23:58.394
22;2023-03-08 11:23:58.4
41;2023-03-08 11:23:58.406
9;2023-03-08 11:23:58.412
77;2023-03-08 11:23:58.418
86;2023-03-08 11:23:58.426
27;2023-03-08 11:23:58.432
55;2023-03-08 11:23:58.437
48;2023-03-08 11:23:58.443
76;2023-03-08 11:23:58.449
12;2023-03-08 11:23:58.457
38;2023-03-08 11:23:58.463
74;2023-03-08 11:23:58.469
86;2023-03-08 11:23:58.476
66;2023-03-08 11:23:58.482
74;2023-03-08 11:23:58.488
57;2023-03-08 11:23:58.494
91;2023-03-08 11:23:58.499
41;2023-03-08 11:23:58.505
13;2023-03-08 11:23:58.512
71;2023-03-08 11:23:58.518
75;2023-03-08 11:23:58.525
68;2023-03-08 11:23:58.531
61;2023-03-08 11:23:58.538
41;2023-03-08 11:23:58.544
41;2023-03-08 11:23:58.549
52;2023-03-08 11:23:58.555
61;2023-03-08 11:23:58.561
36;2023-03-08 11:23:58.567
87;2023-03-08 11:23:58.574
66;2023-03-08 11:23:58.58
10;2023-03-08 11:23:58.586
42;2023-03-08 11:23:58.592
50;2023-03-08 11:23:58.597
48;2023-03-08 11:23:58.604
54;2023-03-08 11:23:58.61
59;2023-03-08 11:23:58.617
88;2023-03-08 11:23:58.624
38;2023-03-08 11:23:58.63
66;2023-03-08 11:23:58.636
40;2023-03-08 11:23:58.642
18;2023-03-08 11:23:58.649
7;2023-03-08 11:23:58.655
93;2023-03-08 11:23:58.66
73;2023-03-08 11:23:58.667
51;2023-03-08 11:23:58.674
27;2023-03-08 11:23:58.68
1;2023-03-08 11:23:58.687
3;2023-03-08 11:23:58.693
16;2023-03-08 11:23:58.699
84;2023-03-08 11:23:58.71
9;2023-03-08 11:23:58.705
97;2023-03-08 11:23:58.717
65;2023-03-08 11:23:58.723
46;2023-03-08 11:23:58.729
27;2023-03-08 11:23:58.735
40;2023-03-08 11:23:58.743
74;2023-03-08 11:23:58.75
65;2023-03-08 11:23:58.756
0;2023-03-08 11:23:58.763
79;2023-03-08 11:23:58.768
15;2023-03-08 11:23:58.774
18;2023-03-08 11:23:58.78
15;2023-03-08 11:23:58.786
81;2023-03-08 11:23:58.794
69;2023-03-08 11:23:58.8
30;2023-03-08 11:23:58.806
69;2023-03-08 11:23:58.812
54;2023-03-08 11:23:58.818
75;2023-03-08 11:23:58.823
88;2023-03-08 11:23:58.829
68;2023-03-08 11:23:58.836
72;2023-03-08 11:23:58.841
36;2023-03-08 11:23:58.847
14;2023-03-08 11:23:58.853
30;2023-03-08 11:23:58.86
97;2023-03-08 11:23:58.868
35;2023-03-08 11:23:58.874
36;2023-03-08 11:23:58.88
83;2023-03-08 11:23:58.887
99;2023-03-08 11:23:58.894
13;2023-03-08 11:23:58.9
46;2023-03-08 11:23:58.906
54;2023-03-08 11:23:58.911
25;2023-03-08 11:23:58.919
30;2023-03-08 11:23:58.925
9;2023-03-08 11:23:58.931
50;2023-03-08 11:23:58.937
94;2023-03-08 11:23:58.943
65;2023-03-08 11:23:58.949
87;2023-03-08 11:23:58.956
71;2023-03-08 11:23:58.962
29;2023-03-08 11:23:58.968
66;2023-03-08 11:23:58.974
52;2023-03-08 11:23:58.98
97;2023-03-08 11:23:58.986
46;2023-03-08 11:23:58.992
66;2023-03-08 11:23:58.998
69;2023-03-08 11:23:59.003
39;2023-03-08 11:23:59.009
35;2023-03-08 11:23:59.015
14;2023-03-08 11:23:59.021
17;2023-03-08 11:23:59.027
49;2023-03-08 11:23:59.034
47;2023-03-08 11:23:59.04
77;2023-03-08 11:23:59.045
16;2023-03-08 11:23:59.051
24;2023-03-08 11:23:59.058
42;2023-03-08 11:23:59.063
32;2023-03-08 11:23:59.069
56;2023-03-08 11:23:59.075
6;2023-03-08 11:23:59.081
11;2023-03-08 11:23:59.087
99;2023-03-08 11:23:59.094
78;2023-03-08 11:23:59.101
83;2023-03-08 11:23:59.107
30;2023-03-08 11:23:59.113
74;2023-03-08 11:23:59.119
81;2023-03-08 11:23:59.126
18;2023-03-08 11:23:59.133
49;2023-03-08 11:23:59.139
69;2023-03-08 11:23:59.145
58;2023-03-08 11:23:59.151
90;2023-03-08 11:23:59.157
5;2023-03-08 11:23:59.164
54;2023-03-08 11:23:59.17
48;2023-03-08 11:23:59.177
74;2023-03-08 11:23:59.184
78;2023-03-08 11:23:59.19
65;2023-03-08 11:23:59.196
36;2023-03-08 11:23:59.203
19;2023-03-08 11:23:59.209
85;2023-03-08 11:23:59.215
63;2023-03-08 11:23:59.22
9;2023-03-08 11:23:59.226
97;2023-03-08 11:23:59.232
99;2023-03-08 11:23:59.238
21;2023-03-08 11:23:59.244
93;2023-03-08 11:23:59.25
51;2023-03-08 11:23:59.257
18;2023-03-08 11:23:59.264
71;2023-03-08 11:23:59.271
64;2023-03-08 11:23:59.278
77;2023-03-08 11:23:59.285
49;2023-03-08 11:23:59.291
41;2023-03-08 11:23:59.296
15;2023-03-08 11:23:59.302
22;2023-03-08 11:23:59.308
44;2023-03-08 11:23:59.315
60;2023-03-08 11:23:59.32
53;2023-03-08 11:23:59.325
43;2023-03-08 11:23:59.332
78;2023-03-08 11:23:59.338
98;2023-03-08 11:23:59.344
2;2023-03-08 11:23:59.35
48;2023-03-08 11:23:59.355
19;2023-03-08 11:23:59.361
85;2023-03-08 11:23:59.368
77;2023-03-08 11:23:59.374
68;2023-03-08 11:23:59.38
30;2023-03-08 11:23:59.387
63;2023-03-08 11:23:59.393
44;2023-03-08 11:23:59.399
23;2023-03-08 11:23:59.405
97;2023-03-08 11:23:59.412
5;2023-03-08 11:23:59.418
35;2023-03-08 11:23:59.424
72;2023-03-08 11:23:59.431
75;2023-03-08 11:23:59.437
24;2023-03-08 11:23:59.443
14;2023-03-08 11:23:59.449
17;2023-03-08 11:23:59.455
12;2023-03-08 11:23:59.462
0;2023-03-08 11:23:59.469
64;2023-03-08 11:23:59.475
13;2023-03-08 11:23:59.482
95;2023-03-08 11:23:59.49
95;2023-03-08 11:23:59.496
56;2023-03-08 11:23:59.501
36;2023-03-08 11:23:59.507
36;2023-03-08 11:23:59.514
62;2023-03-08 11:23:59.521
51;2023-03-08 11:23:59.527
50;2023-03-08 11:23:59.532
62;2023-03-08 11:23:59.539
89;2023-03-08 11:23:59.545
80;2023-03-08 11:23:59.552
57;2023-03-08 11:23:59.558
48;2023-03-08 11:23:59.565
41;2023-03-08 11:23:59.571
56;2023-03-08 11:23:59.577
21;2023-03-08 11:23:59.582
60;2023-03-08 11:23:59.588
40;2023-03-08 11:23:59.593
59;2023-03-08 11:23:59.6
44;2023-03-08 11:23:59.606
18;2023-03-08 11:23:59.612
11;2023-03-08 11:23:59.618
68;2023-03-08 11:23:59.625
3;2023-03-08 11:23:59.632
39;2023-03-08 11:23:59.638
99;2023-03-08 11:23:59.643
66;2023-03-08 11:23:59.649
4;2023-03-08 11:23:59.656
98;2023-03-08 11:23:59.662
11;2023-03-08 11:23:59.668
67;2023-03-08 11:23:59.673
92;2023-03-08 11:23:59.679
42;2023-03-08 11:23:59.686
10;2023-03-08 11:23:59.694
89;2023-03-08 11:23:59.7
9;2023-03-08 11:23:59.707
2;2023-03-08 11:23:59.713
34;2023-03-08 11:23:59.719
69;2023-03-08 11:23:59.726
13;2023-03-08 11:23:59.732
7;2023-03-08 11:23:59.738
49;2023-03-08 11:23:59.744
11;2023-03-08 11:23:59.75
59;2023-03-08 11:23:59.756
32;2023-03-08 11:23:59.761
56;2023-03-08 11:23:59.767
1;2023-03-08 11:23:59.773
20;2023-03-08 11:23:59.779
82;2023-03-08 11:23:59.785
2;2023-03-08 11:23:59.79
44;2023-03-08 11:23:59.796
21;2023-03-08 11:23:59.802
22;2023-03-08 11:23:59.808
82;2023-03-08 11:23:59.815
40;2023-03-08 11:23:59.821
48;2023-03-08 11:23:59.827
51;2023-03-08 11:23:59.833
42;2023-03-08 11:23:59.838
57;2023-03-08 11:23:59.845
5;2023-03-08 11:23:59.851
8;2023-03-08 11:23:59.857
99;2023-03-08 11:23:59.863
38;2023-03-08 11:23:59.869
12;2023-03-08 11:23:59.874
43;2023-03-08 11:23:59.88
70;2023-03-08 11:23:59.888
31;2023-03-08 11:23:59.894
20;2023-03-08 11:23:59.899
77;2023-03-08 11:23:59.905
86;2023-03-08 11:23:59.911
36;2023-03-08 11:23:59.916
86;2023-03-08 11:23:59.924
62;2023-03-08 11:23:59.931
67;2023-03-08 11:23:59.938
59;2023-03-08 11:23:59.944
76;2023-03-08 11:23:59.95
30;2023-03-08 11:23:59.956
55;2023-03-08 11:23:59.962
20;2023-03-08 11:23:59.968
5;2023-03-08 11:23:59.974
6;2023-03-08 11:23:59.98
27;2023-03-08 11:23:59.986
35;2023-03-08 11:23:59.992
63;2023-03-08 11:23:59.998
61;2023-03-08 11:24:00.004
71;2023-03-08 11:24:00.01
63;2023-03-08 11:24:00.015
57;2023-03-08 11:24:00.021
79;2023-03-08 11:24:00.027
92;2023-03-08 11:24:00.032
23;2023-03-08 11:24:00.038
3;2023-03-08 11:24:00.044
15;2023-03-08 11:24:00.049
50;2023-03-08 11:24:00.055
42;2023-03-08 11:24:00.062
59;2023-03-08 11:24:00.068
53;2023-03-08 11:24:00.075
86;2023-03-08 11:24:00.082
53;2023-03-08 11:24:00.087
10;2023-03-08 11:24:00.095
34;2023-03-08 11:24:00.101
88;2023-03-08 11:24:00.107
31;2023-03-08 11:24:00.114
64;2023-03-08 11:24:00.12
68;2023-03-08 11:24:00.126
38;2023-03-08 11:24:00.133
9;2023-03-08 11:24:00.14
77;2023-03-08 11:24:00.146
67;2023-03-08 11:24:00.152
10;2023-03-08 11:24:00.157
68;2023-03-08 11:24:00.163
45;2023-03-08 11:24:00.17
70;2023-03-08 11:24:00.176
31;2023-03-08 11:24:00.182
0;2023-03-08 11:24:00.188
54;2023-03-08 11:24:00.195
96;2023-03-08 11:24:00.201
12;2023-03-08 11:24:00.208
61;2023-03-08 11:24:00.214
49;2023-03-08 11:24:00.22
87;2023-03-08 11:24:00.226
49;2023-03-08 11:24:00.233
93;2023-03-08 11:24:00.24
27;2023-03-08 11:24:00.246
2;2023-03-08 11:24:00.252
66;2023-03-08 11:24:00.257
8;2023-03-08 11:24:00.263
31;2023-03-08 11:24:00.27
7;2023-03-08 11:24:00.276
34;2023-03-08 11:24:00.282
47;2023-03-08 11:24:00.289
42;2023-03-08 11:24:00.295
28;2023-03-08 11:24:00.301
17;2023-03-08 11:24:00.307
96;2023-03-08 11:24:00.313
99;2023-03-08 11:24:00.319
95;2023-03-08 11:24:00.326
70;2023-03-08 11:24:00.333
96;2023-03-08 11:24:00.339
45;2023-03-08 11:24:00.345
6;2023-03-08 11:24:00.351
17;2023-03-08 11:24:00.357
51;2023-03-08 11:24:00.363
78;2023-03-08 11:24:00.368
29;2023-03-08 11:24:00.374
61;2023-03-08 11:24:00.38
52;2023-03-08 11:24:00.387
49;2023-03-08 11:24:00.393
79;2023-03-08 11:24:00.4
50;2023-03-08 11:24:00.405
93;2023-03-08 11:24:00.412
56;2023-03-08 11:24:00.419
39;2023-03-08 11:24:00.425
13;2023-03-08 11:24:00.432
10;2023-03-08 11:24:00.438
37;2023-03-08 11:24:00.444
98;2023-03-08 11:24:00.449
9;2023-03-08 11:24:00.456
19;2023-03-08 11:24:00.461
23;2023-03-08 11:24:00.467
75;2023-03-08 11:24:00.474
58;2023-03-08 11:24:00.48
1;2023-03-08 11:24:00.486
70;2023-03-08 11:24:00.493
68;2023-03-08 11:24:00.499
41;2023-03-08 11:24:00.504
77;2023-03-08 11:24:00.51
39;2023-03-08 11:24:00.517
69;2023-03-08 11:24:00.523
12;2023-03-08 11:24:00.528
60;2023-03-08 11:24:00.535
57;2023-03-08 11:24:00.541
44;2023-03-08 11:24:00.548
4;2023-03-08 11:24:00.554
67;2023-03-08 11:24:00.56
82;2023-03-08 11:24:00.567
70;2023-03-08 11:24:00.573
5;2023-03-08 11:24:00.579
34;2023-03-08 11:24:00.586
54;2023-03-08 11:24:00.592
89;2023-03-08 11:24:00.598
29;2023-03-08 11:24:00.605
4;2023-03-08 11:24:00.611
71;2023-03-08 11:24:00.616
51;2023-03-08 11:24:00.623
85;2023-03-08 11:24:00.629
78;2023-03-08 11:24:00.635
56;2023-03-08 11:24:00.643
27;2023-03-08 11:24:00.649
97;2023-03-08 11:24:00.655
50;2023-03-08 11:24:00.662
72;2023-03-08 11:24:00.669
7;2023-03-08 11:24:00.675
79;2023-03-08 11:24:00.681
80;2023-03-08 11:24:00.687
52;2023-03-08 11:24:00.693
73;2023-03-08 11:24:00.698
44;2023-03-08 11:24:00.704
27;2023-03-08 11:24:00.71
21;2023-03-08 11:24:00.716
0;2023-03-08 11:24:00.723
35;2023-03-08 11:24:00.73
89;2023-03-08 11:24:00.736
13;2023-03-08 11:24:00.742
64;2023-03-08 11:24:00.749
31;2023-03-08 11:24:00.755
72;2023-03-08 11:24:00.763
24;2023-03-08 11:24:00.77
47;2023-03-08 11:24:00.775
4;2023-03-08 11:24:00.781
79;2023-03-08 11:24:00.788
90;2023-03-08 11:24:00.794
58;2023-03-08 11:24:00.801
69;2023-03-08 11:24:00.807
66;2023-03-08 11:24:00.813
48;2023-03-08 11:24:00.819
95;2023-03-08 11:24:00.826
33;2023-03-08 11:24:00.832
98;2023-03-08 11:24:00.838
41;2023-03-08 11:24:00.845
92;2023-03-08 11:24:00.851
72;2023-03-08 11:24:00.858
12;2023-03-08 11:24:00.864
8;2023-03-08 11:24:00.87
45;2023-03-08 11:24:00.875
61;2023-03-08 11:24:00.882
83;2023-03-08 11:24:00.888
60;2023-03-08 11:24:00.894
24;2023-03-08 11:24:00.901
34;2023-03-08 11:24:00.907
46;2023-03-08 11:24:00.914
43;2023-03-08 11:24:00.92
78;2023-03-08 11:24:00.926
56;2023-03-08 11:24:00.932
68;2023-03-08 11:24:00.938
68;2023-03-08 11:24:00.944
11;2023-03-08 11:24:00.951
94;2023-03-08 11:24:00.957
68;2023-03-08 11:24:00.964
92;2023-03-08 11:24:00.972
95;2023-03-08 11:24:00.979
69;2023-03-08 11:24:00.984
1;2023-03-08 11:24:00.99
52;2023-03-08 11:24:00.997
11;2023-03-08 11:24:01.004
2;2023-03-08 11:24:01.011
23;2023-03-08 11:24:01.017
89;2023-03-08 11:24:01.023
95;2023-03-08 11:24:01.029
84;2023-03-08 11:24:01.035
24;2023-03-08 11:24:01.041
4;2023-03-08 11:24:01.047
82;2023-03-08 11:24:01.052
92;2023-03-08 11:24:01.058
34;2023-03-08 11:24:01.063
17;2023-03-08 11:24:01.071
92;2023-03-08 11:24:01.077
11;2023-03-08 11:24:01.082
74;2023-03-08 11:24:01.089
55;2023-03-08 11:24:01.096
92;2023-03-08 11:24:01.104
95;2023-03-08 11:24:01.11
14;2023-03-08 11:24:01.115
35;2023-03-08 11:24:01.121
73;2023-03-08 11:24:01.127
78;2023-03-08 11:24:01.134
96;2023-03-08 11:24:01.14
31;2023-03-08 11:24:01.147
40;2023-03-08 11:24:01.153
20;2023-03-08 11:24:01.159
9;2023-03-08 11:24:01.166
14;2023-03-08 11:24:01.171
85;2023-03-08 11:24:01.177
73;2023-03-08 11:24:01.183
18;2023-03-08 11:24:01.189
98;2023-03-08 11:24:01.195
88;2023-03-08 11:24:01.202
4;2023-03-08 11:24:01.208
62;2023-03-08 11:24:01.215
68;2023-03-08 11:24:01.221
47;2023-03-08 11:24:01.227
78;2023-03-08 11:24:01.234
87;2023-03-08 11:24:01.24
72;2023-03-08 11:24:01.246
12;2023-03-08 11:24:01.251
18;2023-03-08 11:24:01.258
84;2023-03-08 11:24:01.264
9;2023-03-08 11:24:01.271
91;2023-03-08 11:24:01.277
89;2023-03-08 11:24:01.284
50;2023-03-08 11:24:01.291
37;2023-03-08 11:24:01.297
14;2023-03-08 11:24:01.304
75;2023-03-08 11:24:01.311
62;2023-03-08 11:24:01.316
20;2023-03-08 11:24:01.323
27;2023-03-08 11:24:01.331
30;2023-03-08 11:24:01.338
41;2023-03-08 11:24:01.345
6;2023-03-08 11:24:01.351
20;2023-03-08 11:24:01.358
7;2023-03-08 11:24:01.364
65;2023-03-08 11:24:01.37
22;2023-03-08 11:24:01.376
95;2023-03-08 11:24:01.382
86;2023-03-08 11:24:01.388
41;2023-03-08 11:24:01.395
72;2023-03-08 11:24:01.403
68;2023-03-08 11:24:01.409
82;2023-03-08 11:24:01.414
21;2023-03-08 11:24:01.42
71;2023-03-08 11:24:01.425
71;2023-03-08 11:24:01.432
32;2023-03-08 11:24:01.438
4;2023-03-08 11:24:01.444
38;2023-03-08 11:24:01.449
58;2023-03-08 11:24:01.456
34;2023-03-08 11:24:01.461
69;2023-03-08 11:24:01.468
98;2023-03-08 11:24:01.473
60;2023-03-08 11:24:01.48
12;2023-03-08 11:24:01.485
9;2023-03-08 11:24:01.49
62;2023-03-08 11:24:01.497
38;2023-03-08 11:24:01.503
61;2023-03-08 11:24:01.509
7;2023-03-08 11:24:01.514
98;2023-03-08 11:24:01.521
23;2023-03-08 11:24:01.529
3;2023-03-08 11:24:01.534
16;2023-03-08 11:24:01.542
48;2023-03-08 11:24:01.548
59;2023-03-08 11:24:01.556
1;2023-03-08 11:24:01.562
46;2023-03-08 11:24:01.568
8;2023-03-08 11:24:01.574
12;2023-03-08 11:24:01.58
43;2023-03-08 11:24:01.586
11;2023-03-08 11:24:01.591
80;2023-03-08 11:24:01.597
52;2023-03-08 11:24:01.603
66;2023-03-08 11:24:01.609
66;2023-03-08 11:24:01.615
9;2023-03-08 11:24:01.62
75;2023-03-08 11:24:01.627
77;2023-03-08 11:24:01.633
73;2023-03-08 11:24:01.638
62;2023-03-08 11:24:01.645
42;2023-03-08 11:24:01.651
32;2023-03-08 11:24:01.657
79;2023-03-08 11:24:01.663
91;2023-03-08 11:24:01.669
34;2023-03-08 11:24:01.675
95;2023-03-08 11:24:01.683
10;2023-03-08 11:24:01.69
53;2023-03-08 11:24:01.696
71;2023-03-08 11:24:01.701
99;2023-03-08 11:24:01.707
5;2023-03-08 11:24:01.712
1;2023-03-08 11:24:01.718
44;2023-03-08 11:24:01.724
57;2023-03-08 11:24:01.73
3;2023-03-08 11:24:01.735
26;2023-03-08 11:24:01.741
52;2023-03-08 11:24:01.747
36;2023-03-08 11:24:01.752
36;2023-03-08 11:24:01.76
97;2023-03-08 11:24:01.765
72;2023-03-08 11:24:01.771
46;2023-03-08 11:24:01.778
90;2023-03-08 11:24:01.784
32;2023-03-08 11:24:01.79
87;2023-03-08 11:24:01.797
86;2023-03-08 11:24:01.803
54;2023-03-08 11:24:01.809
27;2023-03-08 11:24:01.817
55;2023-03-08 11:24:01.824
65;2023-03-08 11:24:01.83
9;2023-03-08 11:24:01.836
3;2023-03-08 11:24:01.842
73;2023-03-08 11:24:01.848
8;2023-03-08 11:24:01.854
64;2023-03-08 11:24:01.86
24;2023-03-08 11:24:01.866
57;2023-03-08 11:24:01.871
58;2023-03-08 11:24:01.877
10;2023-03-08 11:24:01.883
15;2023-03-08 11:24:01.889
1;2023-03-08 11:24:01.896
87;2023-03-08 11:24:01.902
68;2023-03-08 11:24:01.907
57;2023-03-08 11:24:01.913
96;2023-03-08 11:24:01.919
20;2023-03-08 11:24:01.926
81;2023-03-08 11:24:01.933
80;2023-03-08 11:24:01.939
51;2023-03-08 11:24:01.945
98;2023-03-08 11:24:01.951
73;2023-03-08 11:24:01.957
28;2023-03-08 11:24:01.963
18;2023-03-08 11:24:01.969
47;2023-03-08 11:24:01.976
57;2023-03-08 11:24:01.982
84;2023-03-08 11:24:01.989
86;2023-03-08 11:24:01.996
20;2023-03-08 11:24:02.002
44;2023-03-08 11:24:02.008
19;2023-03-08 11:24:02.013
31;2023-03-08 11:24:02.019
89;2023-03-08 11:24:02.025
4;2023-03-08 11:24:02.032
14;2023-03-08 11:24:02.038
6;2023-03-08 11:24:02.043
5;2023-03-08 11:24:02.05
65;2023-03-08 11:24:02.056
90;2023-03-08 11:24:02.064
13;2023-03-08 11:24:02.07
22;2023-03-08 11:24:02.076
63;2023-03-08 11:24:02.082
39;2023-03-08 11:24:02.088
21;2023-03-08 11:24:02.095
34;2023-03-08 11:24:02.101
11;2023-03-08 11:24:02.107
11;2023-03-08 11:24:02.113
26;2023-03-08 11:24:02.118
94;2023-03-08 11:24:02.124
7;2023-03-08 11:24:02.13
45;2023-03-08 11:24:02.136
25;2023-03-08 11:24:02.142
48;2023-03-08 11:24:02.148
15;2023-03-08 11:24:02.153
29;2023-03-08 11:24:02.16
36;2023-03-08 11:24:02.166
30;2023-03-08 11:24:02.173
5;2023-03-08 11:24:02.179
66;2023-03-08 11:24:02.184
96;2023-03-08 11:24:02.19
30;2023-03-08 11:24:02.195
14;2023-03-08 11:24:02.202
91;2023-03-08 11:24:02.208
40;2023-03-08 11:24:02.213
8;2023-03-08 11:24:02.219
86;2023-03-08 11:24:02.225
11;2023-03-08 11:24:02.23
30;2023-03-08 11:24:02.236
21;2023-03-08 11:24:02.242
1;2023-03-08 11:24:02.248
27;2023-03-08 11:24:02.255
66;2023-03-08 11:24:02.261
98;2023-03-08 11:24:02.267
80;2023-03-08 11:24:02.272
62;2023-03-08 11:24:02.278
11;2023-03-08 11:24:02.284
77;2023-03-08 11:24:02.289
8;2023-03-08 11:24:02.296
85;2023-03-08 11:24:02.302
74;2023-03-08 11:24:02.309
4;2023-03-08 11:24:02.314
75;2023-03-08 11:24:02.32
86;2023-03-08 11:24:02.328
74;2023-03-08 11:24:02.334
34;2023-03-08 11:24:02.342
83;2023-03-08 11:24:02.348
88;2023-03-08 11:24:02.355
93;2023-03-08 11:24:02.362
12;2023-03-08 11:24:02.368
47;2023-03-08 11:24:02.374
88;2023-03-08 11:24:02.382
82;2023-03-08 11:24:02.388
1;2023-03-08 11:24:02.395
70;2023-03-08 11:24:02.401
85;2023-03-08 11:24:02.407
68;2023-03-08 11:24:02.413
15;2023-03-08 11:24:02.419
84;2023-03-08 11:24:02.424
89;2023-03-08 11:24:02.43
48;2023-03-08 11:24:02.436
26;2023-03-08 11:24:02.442
30;2023-03-08 11:24:02.448
5;2023-03-08 11:24:02.454
8;2023-03-08 11:24:02.46
31;2023-03-08 11:24:02.466
73;2023-03-08 11:24:02.472
88;2023-03-08 11:24:02.478
38;2023-03-08 11:24:02.484
50;2023-03-08 11:24:02.49
73;2023-03-08 11:24:02.496
29;2023-03-08 11:24:02.502
31;2023-03-08 11:24:02.508
80;2023-03-08 11:24:02.514
92;2023-03-08 11:24:02.52
6;2023-03-08 11:24:02.526
37;2023-03-08 11:24:02.532
96;2023-03-08 11:24:02.538
21;2023-03-08 11:24:02.546
73;2023-03-08 11:24:02.551
9;2023-03-08 11:24:02.557
89;2023-03-08 11:24:02.563
64;2023-03-08 11:24:02.569
50;2023-03-08 11:24:02.576
83;2023-03-08 11:24:02.582
85;2023-03-08 11:24:02.588
45;2023-03-08 11:24:02.594
43;2023-03-08 11:24:02.601
12;2023-03-08 11:24:02.607
45;2023-03-08 11:24:02.613
25;2023-03-08 11:24:02.62
41;2023-03-08 11:24:02.626
14;2023-03-08 11:24:02.631
78;2023-03-08 11:24:02.637
18;2023-03-08 11:24:02.643
6;2023-03-08 11:24:02.649
22;2023-03-08 11:24:02.656
44;2023-03-08 11:24:02.663
90;2023-03-08 11:24:02.67
29;2023-03-08 11:24:02.676
70;2023-03-08 11:24:02.683
2;2023-03-08 11:24:02.689
54;2023-03-08 11:24:02.695
98;2023-03-08 11:24:02.701
15;2023-03-08 11:24:02.707
17;2023-03-08 11:24:02.714
82;2023-03-08 11:24:02.72
67;2023-03-08 11:24:02.726
22;2023-03-08 11:24:02.733
74;2023-03-08 11:24:02.739
93;2023-03-08 11:24:02.745
92;2023-03-08 11:24:02.751
56;2023-03-08 11:24:02.757
67;2023-03-08 11:24:02.763
67;2023-03-08 11:24:02.769
18;2023-03-08 11:24:02.775
84;2023-03-08 11:24:02.781
90;2023-03-08 11:24:02.787
66;2023-03-08 11:24:02.794
84;2023-03-08 11:24:02.801
9;2023-03-08 11:24:02.807
15;2023-03-08 11:24:02.813
6;2023-03-08 11:24:02.818
14;2023-03-08 11:24:02.824
76;2023-03-08 11:24:02.831
55;2023-03-08 11:24:02.838
66;2023-03-08 11:24:02.843
64;2023-03-08 11:24:02.849
94;2023-03-08 11:24:02.855
17;2023-03-08 11:24:02.861
32;2023-03-08 11:24:02.868
20;2023-03-08 11:24:02.876
93;2023-03-08 11:24:02.882
37;2023-03-08 11:24:02.887
61;2023-03-08 11:24:02.893
84;2023-03-08 11:24:02.899
1;2023-03-08 11:24:02.905
92;2023-03-08 11:24:02.91
61;2023-03-08 11:24:02.917
94;2023-03-08 11:24:02.924
55;2023-03-08 11:24:02.93
48;2023-03-08 11:24:02.936
98;2023-03-08 11:24:02.942
10;2023-03-08 11:24:02.948
58;2023-03-08 11:24:02.954
81;2023-03-08 11:24:02.96
57;2023-03-08 11:24:02.966
53;2023-03-08 11:24:02.972
89;2023-03-08 11:24:02.979
28;2023-03-08 11:24:02.987
63;2023-03-08 11:24:02.993
72;2023-03-08 11:24:02.999
97;2023-03-08 11:24:03.006
24;2023-03-08 11:24:03.013
61;2023-03-08 11:24:03.019
58;2023-03-08 11:24:03.025
79;2023-03-08 11:24:03.031
34;2023-03-08 11:24:03.037
10;2023-03-08 11:24:03.043
62;2023-03-08 11:24:03.049
43;2023-03-08 11:24:03.056
31;2023-03-08 11:24:03.062
86;2023-03-08 11:24:03.068
33;2023-03-08 11:24:03.073
84;2023-03-08 11:24:03.08
43;2023-03-08 11:24:03.086
80;2023-03-08 11:24:03.092
43;2023-03-08 11:24:03.098
29;2023-03-08 11:24:03.104
96;2023-03-08 11:24:03.109
38;2023-03-08 11:24:03.115
14;2023-03-08 11:24:03.121
49;2023-03-08 11:24:03.128
90;2023-03-08 11:24:03.133
10;2023-03-08 11:24:03.139
45;2023-03-08 11:24:03.145
27;2023-03-08 11:24:03.151
24;2023-03-08 11:24:03.156
93;2023-03-08 11:24:03.162
70;2023-03-08 11:24:03.168
68;2023-03-08 11:24:03.174
59;2023-03-08 11:24:03.179
98;2023-03-08 11:24:03.185
68;2023-03-08 11:24:03.191
97;2023-03-08 11:24:03.198
24;2023-03-08 11:24:03.204
64;2023-03-08 11:24:03.21
54;2023-03-08 11:24:03.216
62;2023-03-08 11:24:03.223
92;2023-03-08 11:24:03.228
74;2023-03-08 11:24:03.234
93;2023-03-08 11:24:03.241
90;2023-03-08 11:24:03.249
46;2023-03-08 11:24:03.255
13;2023-03-08 11:24:03.261
30;2023-03-08 11:24:03.269
22;2023-03-08 11:24:03.275
27;2023-03-08 11:24:03.28
5;2023-03-08 11:24:03.288
88;2023-03-08 11:24:03.294
19;2023-03-08 11:24:03.3
66;2023-03-08 11:24:03.306
20;2023-03-08 11:24:03.311
73;2023-03-08 11:24:03.317
35;2023-03-08 11:24:03.326
35;2023-03-08 11:24:03.333
87;2023-03-08 11:24:03.338
31;2023-03-08 11:24:03.346
59;2023-03-08 11:24:03.352
18;2023-03-08 11:24:03.357
7;2023-03-08 11:24:03.362
35;2023-03-08 11:24:03.368
48;2023-03-08 11:24:03.376
31;2023-03-08 11:24:03.383
36;2023-03-08 11:24:03.391
22;2023-03-08 11:24:03.397
42;2023-03-08 11:24:03.403
12;2023-03-08 11:24:03.409
98;2023-03-08 11:24:03.415
77;2023-03-08 11:24:03.421
74;2023-03-08 11:24:03.427
47;2023-03-08 11:24:03.433
41;2023-03-08 11:24:03.441
67;2023-03-08 11:24:03.447
13;2023-03-08 11:24:03.454
84;2023-03-08 11:24:03.46
59;2023-03-08 11:24:03.465
9;2023-03-08 11:24:03.473
24;2023-03-08 11:24:03.48
15;2023-03-08 11:24:03.486
86;2023-03-08 11:24:03.493
93;2023-03-08 11:24:03.499
47;2023-03-08 11:24:03.506
65;2023-03-08 11:24:03.513
63;2023-03-08 11:24:03.52
28;2023-03-08 11:24:03.526
62;2023-03-08 11:24:03.532
81;2023-03-08 11:24:03.537
77;2023-03-08 11:24:03.543
63;2023-03-08 11:24:03.549
70;2023-03-08 11:24:03.555
99;2023-03-08 11:24:03.561
23;2023-03-08 11:24:03.568
1;2023-03-08 11:24:03.574
99;2023-03-08 11:24:03.581
31;2023-03-08 11:24:03.588
1;2023-03-08 11:24:03.593
96;2023-03-08 11:24:03.599
46;2023-03-08 11:24:03.606
15;2023-03-08 11:24:03.611
84;2023-03-08 11:24:03.617
49;2023-03-08 11:24:03.623
23;2023-03-08 11:24:03.63
20;2023-03-08 11:24:03.635
32;2023-03-08 11:24:03.642
6;2023-03-08 11:24:03.648
81;2023-03-08 11:24:03.653
7;2023-03-08 11:24:03.661
90;2023-03-08 11:24:03.667
27;2023-03-08 11:24:03.673
21;2023-03-08 11:24:03.679
62;2023-03-08 11:24:03.685
87;2023-03-08 11:24:03.691
40;2023-03-08 11:24:03.698
45;2023-03-08 11:24:03.704
73;2023-03-08 11:24:03.711
80;2023-03-08 11:24:03.717
35;2023-03-08 11:24:03.725
21;2023-03-08 11:24:03.731
98;2023-03-08 11:24:03.737
78;2023-03-08 11:24:03.743
93;2023-03-08 11:24:03.748
20;2023-03-08 11:24:03.755
93;2023-03-08 11:24:03.76
42;2023-03-08 11:24:03.766
72;2023-03-08 11:24:03.771
9;2023-03-08 11:24:03.777
85;2023-03-08 11:24:03.784
41;2023-03-08 11:24:03.792
21;2023-03-08 11:24:03.798
91;2023-03-08 11:24:03.804
25;2023-03-08 11:24:03.81
25;2023-03-08 11:24:03.816
71;2023-03-08 11:24:03.821
8;2023-03-08 11:24:03.827
47;2023-03-08 11:24:03.835
11;2023-03-08 11:24:03.841
4;2023-03-08 11:24:03.847
26;2023-03-08 11:24:03.853
95;2023-03-08 11:24:03.859
21;2023-03-08 11:24:03.866
91;2023-03-08 11:24:03.871
74;2023-03-08 11:24:03.878
31;2023-03-08 11:24:03.884
94;2023-03-08 11:24:03.89
80;2023-03-08 11:24:03.896
57;2023-03-08 11:24:03.901
79;2023-03-08 11:24:03.908
78;2023-03-08 11:24:03.914
45;2023-03-08 11:24:03.92
73;2023-03-08 11:24:03.925
15;2023-03-08 11:24:03.931
72;2023-03-08 11:24:03.937
70;2023-03-08 11:24:03.942
90;2023-03-08 11:24:03.948
59;2023-03-08 11:24:03.956
54;2023-03-08 11:24:03.961
23;2023-03-08 11:24:03.967
44;2023-03-08 11:24:03.972
47;2023-03-08 11:24:03.978
99;2023-03-08 11:24:03.985
5;2023-03-08 11:24:03.991
7;2023-03-08 11:24:03.997
79;2023-03-08 11:24:04.002
49;2023-03-08 11:24:04.008
39;2023-03-08 11:24:04.015
33;2023-03-08 11:24:04.02
3;2023-03-08 11:24:04.027
78;2023-03-08 11:24:04.034
43;2023-03-08 11:24:04.039
40;2023-03-08 11:24:04.046
71;2023-03-08 11:24:04.052
85;2023-03-08 11:24:04.06
74;2023-03-08 11:24:04.067
74;2023-03-08 11:24:04.073
27;2023-03-08 11:24:04.08
45;2023-03-08 11:24:04.087
61;2023-03-08 11:24:04.093
15;2023-03-08 11:24:04.098
26;2023-03-08 11:24:04.104
9;2023-03-08 11:24:04.11
11;2023-03-08 11:24:04.116
9;2023-03-08 11:24:04.122
65;2023-03-08 11:24:04.129
56;2023-03-08 11:24:04.137
80;2023-03-08 11:24:04.144
62;2023-03-08 11:24:04.15
2;2023-03-08 11:24:04.157
38;2023-03-08 11:24:04.162
79;2023-03-08 11:24:04.169
49;2023-03-08 11:24:04.175
10;2023-03-08 11:24:04.181
56;2023-03-08 11:24:04.187
8;2023-03-08 11:24:04.192
4;2023-03-08 11:24:04.198
68;2023-03-08 11:24:04.21
9;2023-03-08 11:24:04.204
40;2023-03-08 11:24:04.223
0;2023-03-08 11:24:04.217
78;2023-03-08 11:24:04.228
52;2023-03-08 11:24:04.234
30;2023-03-08 11:24:04.24
63;2023-03-08 11:24:04.247
19;2023-03-08 11:24:04.252
49;2023-03-08 11:24:04.258
56;2023-03-08 11:24:04.263
26;2023-03-08 11:24:04.269
11;2023-03-08 11:24:04.275
25;2023-03-08 11:24:04.282
87;2023-03-08 11:24:04.287
67;2023-03-08 11:24:04.293
18;2023-03-08 11:24:04.299
54;2023-03-08 11:24:04.304
84;2023-03-08 11:24:04.31
15;2023-03-08 11:24:04.315
18;2023-03-08 11:24:04.321
26;2023-03-08 11:24:04.327
33;2023-03-08 11:24:04.333
65;2023-03-08 11:24:04.34
96;2023-03-08 11:24:04.345
31;2023-03-08 11:24:04.351
15;2023-03-08 11:24:04.356
10;2023-03-08 11:24:04.362
47;2023-03-08 11:24:04.368
56;2023-03-08 11:24:04.373
2;2023-03-08 11:24:04.38
5;2023-03-08 11:24:04.386
9;2023-03-08 11:24:04.392
99;2023-03-08 11:24:04.397
51;2023-03-08 11:24:04.404
34;2023-03-08 11:24:04.41
59;2023-03-08 11:24:04.415
43;2023-03-08 11:24:04.422
9;2023-03-08 11:24:04.427
95;2023-03-08 11:24:04.433
12;2023-03-08 11:24:04.438
9;2023-03-08 11:24:04.444
36;2023-03-08 11:24:04.449
21;2023-03-08 11:24:04.456
49;2023-03-08 11:24:04.462
46;2023-03-08 11:24:04.467
59;2023-03-08 11:24:04.472
45;2023-03-08 11:24:04.479
68;2023-03-08 11:24:04.484
23;2023-03-08 11:24:04.49
93;2023-03-08 11:24:04.496
63;2023-03-08 11:24:04.502
19;2023-03-08 11:24:04.508
46;2023-03-08 11:24:04.514
35;2023-03-08 11:24:04.519
19;2023-03-08 11:24:04.525
77;2023-03-08 11:24:04.531
23;2023-03-08 11:24:04.537
9;2023-03-08 11:24:04.543
59;2023-03-08 11:24:04.548
64;2023-03-08 11:24:04.554
51;2023-03-08 11:24:04.559
48;2023-03-08 11:24:04.565
37;2023-03-08 11:24:04.571
82;2023-03-08 11:24:04.577
37;2023-03-08 11:24:04.582
39;2023-03-08 11:24:04.588
77;2023-03-08 11:24:04.595
81;2023-03-08 11:24:04.601
13;2023-03-08 11:24:04.607
37;2023-03-08 11:24:04.612
5;2023-03-08 11:24:04.618
77;2023-03-08 11:24:04.624
41;2023-03-08 11:24:04.63
87;2023-03-08 11:24:04.635
49;2023-03-08 11:24:04.641
62;2023-03-08 11:24:04.647
12;2023-03-08 11:24:04.653
71;2023-03-08 11:24:04.658
9;2023-03-08 11:24:04.664
60;2023-03-08 11:24:04.669
74;2023-03-08 11:24:04.675
94;2023-03-08 11:24:04.68
18;2023-03-08 11:24:04.687
44;2023-03-08 11:24:04.693
87;2023-03-08 11:24:04.698
24;2023-03-08 11:24:04.704
52;2023-03-08 11:24:04.71
28;2023-03-08 11:24:04.715
1;2023-03-08 11:24:04.721
54;2023-03-08 11:24:04.727
27;2023-03-08 11:24:04.732
6;2023-03-08 11:24:04.738
9;2023-03-08 11:24:04.743
16;2023-03-08 11:24:04.748
22;2023-03-08 11:24:04.754
73;2023-03-08 11:24:04.761
42;2023-03-08 11:24:04.767
41;2023-03-08 11:24:04.773
29;2023-03-08 11:24:04.779
21;2023-03-08 11:24:04.785
63;2023-03-08 11:24:04.791
56;2023-03-08 11:24:04.796
55;2023-03-08 11:24:04.802
7;2023-03-08 11:24:04.807
74;2023-03-08 11:24:04.813
49;2023-03-08 11:24:04.818
78;2023-03-08 11:24:04.823
54;2023-03-08 11:24:04.828
58;2023-03-08 11:24:04.834
81;2023-03-08 11:24:04.84
3;2023-03-08 11:24:04.846
64;2023-03-08 11:24:04.851
11;2023-03-08 11:24:04.857
19;2023-03-08 11:24:04.862
51;2023-03-08 11:24:04.867
45;2023-03-08 11:24:04.873
7;2023-03-08 11:24:04.879
91;2023-03-08 11:24:04.884
49;2023-03-08 11:24:04.89
45;2023-03-08 11:24:04.897
37;2023-03-08 11:24:04.902
5;2023-03-08 11:24:04.908
47;2023-03-08 11:24:04.914
61;2023-03-08 11:24:04.919
9;2023-03-08 11:24:04.925
68;2023-03-08 11:24:04.931
3;2023-03-08 11:24:04.937
4;2023-03-08 11:24:04.942
42;2023-03-08 11:24:04.948
53;2023-03-08 11:24:04.953
89;2023-03-08 11:24:04.959
60;2023-03-08 11:24:04.965
28;2023-03-08 11:24:04.971
36;2023-03-08 11:24:04.978
74;2023-03-08 11:24:04.984
29;2023-03-08 11:24:04.99
83;2023-03-08 11:24:04.996
37;2023-03-08 11:24:05.002
57;2023-03-08 11:24:05.007
25;2023-03-08 11:24:05.013
89;2023-03-08 11:24:05.019
32;2023-03-08 11:24:05.025
72;2023-03-08 11:24:05.03
51;2023-03-08 11:24:05.035
96;2023-03-08 11:24:05.041
27;2023-03-08 11:24:05.047
47;2023-03-08 11:24:05.054
89;2023-03-08 11:24:05.059
28;2023-03-08 11:24:05.066
93;2023-03-08 11:24:05.072
52;2023-03-08 11:24:05.078
40;2023-03-08 11:24:05.083
39;2023-03-08 11:24:05.089
48;2023-03-08 11:24:05.095
54;2023-03-08 11:24:05.1
5;2023-03-08 11:24:05.106
12;2023-03-08 11:24:05.113
71;2023-03-08 11:24:05.119
55;2023-03-08 11:24:05.124
51;2023-03-08 11:24:05.13
30;2023-03-08 11:24:05.135
50;2023-03-08 11:24:05.142
6;2023-03-08 11:24:05.148
92;2023-03-08 11:24:05.153
94;2023-03-08 11:24:05.159
12;2023-03-08 11:24:05.165
55;2023-03-08 11:24:05.171
63;2023-03-08 11:24:05.176
24;2023-03-08 11:24:05.181
92;2023-03-08 11:24:05.188
62;2023-03-08 11:24:05.193
91;2023-03-08 11:24:05.199
5;2023-03-08 11:24:05.205
64;2023-03-08 11:24:05.211
42;2023-03-08 11:24:05.216
10;2023-03-08 11:24:05.223
47;2023-03-08 11:24:05.229
70;2023-03-08 11:24:05.236
42;2023-03-08 11:24:05.242
90;2023-03-08 11:24:05.248
15;2023-03-08 11:24:05.254
80;2023-03-08 11:24:05.26
99;2023-03-08 11:24:05.266
91;2023-03-08 11:24:05.271
8;2023-03-08 11:24:05.277
76;2023-03-08 11:24:05.283
93;2023-03-08 11:24:05.288
69;2023-03-08 11:24:05.294
26;2023-03-08 11:24:05.299
49;2023-03-08 11:24:05.304
16;2023-03-08 11:24:05.31
96;2023-03-08 11:24:05.316
33;2023-03-08 11:24:05.322
25;2023-03-08 11:24:05.327
79;2023-03-08 11:24:05.333
98;2023-03-08 11:24:05.339
95;2023-03-08 11:24:05.345
48;2023-03-08 11:24:05.351
36;2023-03-08 11:24:05.357
94;2023-03-08 11:24:05.363
77;2023-03-08 11:24:05.368
26;2023-03-08 11:24:05.374
8;2023-03-08 11:24:05.38
67;2023-03-08 11:24:05.386
90;2023-03-08 11:24:05.392
5;2023-03-08 11:24:05.397
30;2023-03-08 11:24:05.404
87;2023-03-08 11:24:05.409
39;2023-03-08 11:24:05.414
62;2023-03-08 11:24:05.42
11;2023-03-08 11:24:05.426
39;2023-03-08 11:24:05.432
71;2023-03-08 11:24:05.442
46;2023-03-08 11:24:05.447
32;2023-03-08 11:24:05.452
43;2023-03-08 11:24:05.458
31;2023-03-08 11:24:05.463
84;2023-03-08 11:24:05.471
51;2023-03-08 11:24:05.476
39;2023-03-08 11:24:05.482
83;2023-03-08 11:24:05.488
98;2023-03-08 11:24:05.493
37;2023-03-08 11:24:05.499
45;2023-03-08 11:24:05.505
87;2023-03-08 11:24:05.512
26;2023-03-08 11:24:05.517
69;2023-03-08 11:24:05.522
82;2023-03-08 11:24:05.529
36;2023-03-08 11:24:05.534
92;2023-03-08 11:24:05.539
67;2023-03-08 11:24:05.545
53;2023-03-08 11:24:05.551
11;2023-03-08 11:24:05.557
82;2023-03-08 11:24:05.562
35;2023-03-08 11:24:05.568
63;2023-03-08 11:24:05.574
16;2023-03-08 11:24:05.581
15;2023-03-08 11:24:05.587
44;2023-03-08 11:24:05.593
50;2023-03-08 11:24:05.598
41;2023-03-08 11:24:05.604
89;2023-03-08 11:24:05.611
59;2023-03-08 11:24:05.616
71;2023-03-08 11:24:05.622
94;2023-03-08 11:24:05.629
93;2023-03-08 11:24:05.634
48;2023-03-08 11:24:05.64
38;2023-03-08 11:24:05.646
49;2023-03-08 11:24:05.653
66;2023-03-08 11:24:05.658
73;2023-03-08 11:24:05.664
10;2023-03-08 11:24:05.67
18;2023-03-08 11:24:05.675
42;2023-03-08 11:24:05.681
30;2023-03-08 11:24:05.687
18;2023-03-08 11:24:05.693
73;2023-03-08 11:24:05.699
25;2023-03-08 11:24:05.705
20;2023-03-08 11:24:05.71
44;2023-03-08 11:24:05.716
49;2023-03-08 11:24:05.721
56;2023-03-08 11:24:05.727
58;2023-03-08 11:24:05.733
52;2023-03-08 11:24:05.738
93;2023-03-08 11:24:05.744
21;2023-03-08 11:24:05.75
93;2023-03-08 11:24:05.756
2;2023-03-08 11:24:05.761
18;2023-03-08 11:24:05.767
6;2023-03-08 11:24:05.773
65;2023-03-08 11:24:05.779
29;2023-03-08 11:24:05.785
20;2023-03-08 11:24:05.79
0;2023-03-08 11:24:05.796
21;2023-03-08 11:24:05.802
52;2023-03-08 11:24:05.808
34;2023-03-08 11:24:05.814
91;2023-03-08 11:24:05.82
76;2023-03-08 11:24:05.826
55;2023-03-08 11:24:05.831
12;2023-03-08 11:24:05.838
39;2023-03-08 11:24:05.843
94;2023-03-08 11:24:05.849
49;2023-03-08 11:24:05.855
68;2023-03-08 11:24:05.861
98;2023-03-08 11:24:05.867
15;2023-03-08 11:24:05.874
42;2023-03-08 11:24:05.879
58;2023-03-08 11:24:05.886
53;2023-03-08 11:24:05.891
22;2023-03-08 11:24:05.897
36;2023-03-08 11:24:05.903
85;2023-03-08 11:24:05.909
93;2023-03-08 11:24:05.914
62;2023-03-08 11:24:05.92
20;2023-03-08 11:24:05.925
99;2023-03-08 11:24:05.932
31;2023-03-08 11:24:05.937
75;2023-03-08 11:24:05.943
79;2023-03-08 11:24:05.948
41;2023-03-08 11:24:05.954
27;2023-03-08 11:24:05.959
31;2023-03-08 11:24:05.965
59;2023-03-08 11:24:05.97
24;2023-03-08 11:24:05.975
34;2023-03-08 11:24:05.981
53;2023-03-08 11:24:05.986
12;2023-03-08 11:24:05.992
4;2023-03-08 11:24:05.998
63;2023-03-08 11:24:06.003
50;2023-03-08 11:24:06.009
83;2023-03-08 11:24:06.015
2;2023-03-08 11:24:06.021
6;2023-03-08 11:24:06.027
47;2023-03-08 11:24:06.032
58;2023-03-08 11:24:06.039
1;2023-03-08 11:24:06.045
41;2023-03-08 11:24:06.05
67;2023-03-08 11:24:06.056
78;2023-03-08 11:24:06.061
54;2023-03-08 11:24:06.067
50;2023-03-08 11:24:06.073
6;2023-03-08 11:24:06.079
2;2023-03-08 11:24:06.084
66;2023-03-08 11:24:06.09
33;2023-03-08 11:24:06.095
88;2023-03-08 11:24:06.101
53;2023-03-08 11:24:06.107
58;2023-03-08 11:24:06.112
63;2023-03-08 11:24:06.118
55;2023-03-08 11:24:06.124
19;2023-03-08 11:24:06.129
9;2023-03-08 11:24:06.135
1;2023-03-08 11:24:06.141
56;2023-03-08 11:24:06.146
5;2023-03-08 11:24:06.152
21;2023-03-08 11:24:06.158
16;2023-03-08 11:24:06.165
68;2023-03-08 11:24:06.17
84;2023-03-08 11:24:06.176
27;2023-03-08 11:24:06.182
53;2023-03-08 11:24:06.188
84;2023-03-08 11:24:06.193
97;2023-03-08 11:24:06.199
39;2023-03-08 11:24:06.204
9;2023-03-08 11:24:06.21
88;2023-03-08 11:24:06.216
71;2023-03-08 11:24:06.221
77;2023-03-08 11:24:06.227
78;2023-03-08 11:24:06.233
84;2023-03-08 11:24:06.238
44;2023-03-08 11:24:06.244
73;2023-03-08 11:24:06.25
46;2023-03-08 11:24:06.256
94;2023-03-08 11:24:06.261
97;2023-03-08 11:24:06.267
30;2023-03-08 11:24:06.274
86;2023-03-08 11:24:06.279
98;2023-03-08 11:24:06.285
74;2023-03-08 11:24:06.291
81;2023-03-08 11:24:06.296
46;2023-03-08 11:24:06.302
81;2023-03-08 11:24:06.308
59;2023-03-08 11:24:06.313
94;2023-03-08 11:24:06.319
40;2023-03-08 11:24:06.325
30;2023-03-08 11:24:06.33
33;2023-03-08 11:24:06.336
27;2023-03-08 11:24:06.341
90;2023-03-08 11:24:06.347
98;2023-03-08 11:24:06.353
80;2023-03-08 11:24:06.359
5;2023-03-08 11:24:06.364
98;2023-03-08 11:24:06.37
40;2023-03-08 11:24:06.376
49;2023-03-08 11:24:06.381
9;2023-03-08 11:24:06.387
65;2023-03-08 11:24:06.393
4;2023-03-08 11:24:06.399
81;2023-03-08 11:24:06.404
60;2023-03-08 11:24:06.409
59;2023-03-08 11:24:06.416
21;2023-03-08 11:24:06.421
83;2023-03-08 11:24:06.428
60;2023-03-08 11:24:06.433
27;2023-03-08 11:24:06.439
14;2023-03-08 11:24:06.444
43;2023-03-08 11:24:06.45
74;2023-03-08 11:24:06.455
3;2023-03-08 11:24:06.461
42;2023-03-08 11:24:06.466
71;2023-03-08 11:24:06.472
88;2023-03-08 11:24:06.477
16;2023-03-08 11:24:06.483
20;2023-03-08 11:24:06.49
25;2023-03-08 11:24:06.496
31;2023-03-08 11:24:06.502
20;2023-03-08 11:24:06.508
22;2023-03-08 11:24:06.513
39;2023-03-08 11:24:06.519
99;2023-03-08 11:24:06.524
79;2023-03-08 11:24:06.53
70;2023-03-08 11:24:06.535
56;2023-03-08 11:24:06.54
16;2023-03-08 11:24:06.546
36;2023-03-08 11:24:06.552
36;2023-03-08 11:24:06.557
64;2023-03-08 11:24:06.563
42;2023-03-08 11:24:06.568
45;2023-03-08 11:24:06.574
47;2023-03-08 11:24:06.579
36;2023-03-08 11:24:06.585
21;2023-03-08 11:24:06.592
72;2023-03-08 11:24:06.598
58;2023-03-08 11:24:06.603
60;2023-03-08 11:24:06.609
14;2023-03-08 11:24:06.614
66;2023-03-08 11:24:06.62
79;2023-03-08 11:24:06.625
6;2023-03-08 11:24:06.631
69;2023-03-08 11:24:06.637
84;2023-03-08 11:24:06.643
63;2023-03-08 11:24:06.649
40;2023-03-08 11:24:06.654
87;2023-03-08 11:24:06.66
24;2023-03-08 11:24:06.665
5;2023-03-08 11:24:06.671
54;2023-03-08 11:24:06.677
30;2023-03-08 11:24:06.682
77;2023-03-08 11:24:06.688
61;2023-03-08 11:24:06.694
10;2023-03-08 11:24:06.699
48;2023-03-08 11:24:06.705
40;2023-03-08 11:24:06.712
13;2023-03-08 11:24:06.719
92;2023-03-08 11:24:06.724
25;2023-03-08 11:24:06.73
81;2023-03-08 11:24:06.735
11;2023-03-08 11:24:06.741
54;2023-03-08 11:24:06.747
81;2023-03-08 11:24:06.752
74;2023-03-08 11:24:06.758
22;2023-03-08 11:24:06.764
16;2023-03-08 11:24:06.77
13;2023-03-08 11:24:06.775
87;2023-03-08 11:24:06.782
59;2023-03-08 11:24:06.788
17;2023-03-08 11:24:06.794
43;2023-03-08 11:24:06.801
78;2023-03-08 11:24:06.806
33;2023-03-08 11:24:06.812
76;2023-03-08 11:24:06.817
29;2023-03-08 11:24:06.823
53;2023-03-08 11:24:06.828
52;2023-03-08 11:24:06.834
91;2023-03-08 11:24:06.84
63;2023-03-08 11:24:06.846
75;2023-03-08 11:24:06.851
27;2023-03-08 11:24:06.857
90;2023-03-08 11:24:06.862
21;2023-03-08 11:24:06.868
7;2023-03-08 11:24:06.873
9;2023-03-08 11:24:06.879
86;2023-03-08 11:24:06.885
27;2023-03-08 11:24:06.891
77;2023-03-08 11:24:06.897
14;2023-03-08 11:24:06.904
88;2023-03-08 11:24:06.91
96;2023-03-08 11:24:06.915
12;2023-03-08 11:24:06.921
20;2023-03-08 11:24:06.926
25;2023-03-08 11:24:06.932
22;2023-03-08 11:24:06.937
48;2023-03-08 11:24:06.944
29;2023-03-08 11:24:06.95
89;2023-03-08 11:24:06.955
4;2023-03-08 11:24:06.96
21;2023-03-08 11:24:06.966
72;2023-03-08 11:24:06.972
6;2023-03-08 11:24:06.978
52;2023-03-08 11:24:06.983
28;2023-03-08 11:24:06.989
47;2023-03-08 11:24:06.995
47;2023-03-08 11:24:07.0
96;2023-03-08 11:24:07.006
55;2023-03-08 11:24:07.012
71;2023-03-08 11:24:07.017
17;2023-03-08 11:24:07.023
91;2023-03-08 11:24:07.028
80;2023-03-08 11:24:07.034
59;2023-03-08 11:24:07.039
85;2023-03-08 11:24:07.045
60;2023-03-08 11:24:07.05
39;2023-03-08 11:24:07.056
80;2023-03-08 11:24:07.061
19;2023-03-08 11:24:07.067
38;2023-03-08 11:24:07.073
1;2023-03-08 11:24:07.078
46;2023-03-08 11:24:07.084
84;2023-03-08 11:24:07.089
93;2023-03-08 11:24:07.096
93;2023-03-08 11:24:07.101
97;2023-03-08 11:24:07.107
80;2023-03-08 11:24:07.112
46;2023-03-08 11:24:07.118
50;2023-03-08 11:24:07.123
43;2023-03-08 11:24:07.129
79;2023-03-08 11:24:07.135
6;2023-03-08 11:24:07.14
91;2023-03-08 11:24:07.146
53;2023-03-08 11:24:07.151
70;2023-03-08 11:24:07.157
20;2023-03-08 11:24:07.163
32;2023-03-08 11:24:07.168
37;2023-03-08 11:24:07.174
24;2023-03-08 11:24:07.18
43;2023-03-08 11:24:07.185
28;2023-03-08 11:24:07.191
75;2023-03-08 11:24:07.197
56;2023-03-08 11:24:07.203
15;2023-03-08 11:24:07.208
40;2023-03-08 11:24:07.214
33;2023-03-08 11:24:07.22
71;2023-03-08 11:24:07.225
57;2023-03-08 11:24:07.231
16;2023-03-08 11:24:07.236
89;2023-03-08 11:24:07.242
90;2023-03-08 11:24:07.248
23;2023-03-08 11:24:07.254
61;2023-03-08 11:24:07.259
29;2023-03-08 11:24:07.265
99;2023-03-08 11:24:07.271
39;2023-03-08 11:24:07.276
60;2023-03-08 11:24:07.282
77;2023-03-08 11:24:07.287
28;2023-03-08 11:24:07.293
0;2023-03-08 11:24:07.299
37;2023-03-08 11:24:07.305
57;2023-03-08 11:24:07.311
26;2023-03-08 11:24:07.317
10;2023-03-08 11:24:07.322
68;2023-03-08 11:24:07.329
70;2023-03-08 11:24:07.334
73;2023-03-08 11:24:07.34
99;2023-03-08 11:24:07.347
93;2023-03-08 11:24:07.353
13;2023-03-08 11:24:07.36
11;2023-03-08 11:24:07.365
86;2023-03-08 11:24:07.37
22;2023-03-08 11:24:07.377
95;2023-03-08 11:24:07.382
55;2023-03-08 11:24:07.388
40;2023-03-08 11:24:07.394
55;2023-03-08 11:24:07.399
63;2023-03-08 11:24:07.405
87;2023-03-08 11:24:07.411
70;2023-03-08 11:24:07.416
58;2023-03-08 11:24:07.422
39;2023-03-08 11:24:07.427
31;2023-03-08 11:24:07.433
58;2023-03-08 11:24:07.439
73;2023-03-08 11:24:07.444
78;2023-03-08 11:24:07.45
87;2023-03-08 11:24:07.457
31;2023-03-08 11:24:07.462
81;2023-03-08 11:24:07.468
67;2023-03-08 11:24:07.473
71;2023-03-08 11:24:07.479
96;2023-03-08 11:24:07.485
41;2023-03-08 11:24:07.49
6;2023-03-08 11:24:07.496
17;2023-03-08 11:24:07.502
42;2023-03-08 11:24:07.508
96;2023-03-08 11:24:07.514
68;2023-03-08 11:24:07.519
95;2023-03-08 11:24:07.525
17;2023-03-08 11:24:07.531
92;2023-03-08 11:24:07.537
48;2023-03-08 11:24:07.543
28;2023-03-08 11:24:07.549
92;2023-03-08 11:24:07.554
48;2023-03-08 11:24:07.56
29;2023-03-08 11:24:07.567
71;2023-03-08 11:24:07.572
41;2023-03-08 11:24:07.578
49;2023-03-08 11:24:07.584
20;2023-03-08 11:24:07.591
35;2023-03-08 11:24:07.596
29;2023-03-08 11:24:07.602
69;2023-03-08 11:24:07.608
68;2023-03-08 11:24:07.613
93;2023-03-08 11:24:07.619
77;2023-03-08 11:24:07.625
0;2023-03-08 11:24:07.63
57;2023-03-08 11:24:07.636
18;2023-03-08 11:24:07.642
37;2023-03-08 11:24:07.647
32;2023-03-08 11:24:07.653
49;2023-03-08 11:24:07.66
28;2023-03-08 11:24:07.666
6;2023-03-08 11:24:07.671
69;2023-03-08 11:24:07.677
58;2023-03-08 11:24:07.682
34;2023-03-08 11:24:07.688
8;2023-03-08 11:24:07.695
99;2023-03-08 11:24:07.7
93;2023-03-08 11:24:07.706
10;2023-03-08 11:24:07.712
7;2023-03-08 11:24:07.717
57;2023-03-08 11:24:07.723
52;2023-03-08 11:24:07.729
27;2023-03-08 11:24:07.734
95;2023-03-08 11:24:07.74
2;2023-03-08 11:24:07.746
40;2023-03-08 11:24:07.751
87;2023-03-08 11:24:07.757
34;2023-03-08 11:24:07.763
81;2023-03-08 11:24:07.769
66;2023-03-08 11:24:07.774
73;2023-03-08 11:24:07.78
55;2023-03-08 11:24:07.785
17;2023-03-08 11:24:07.792
51;2023-03-08 11:24:07.798
36;2023-03-08 11:24:07.803
34;2023-03-08 11:24:07.808
95;2023-03-08 11:24:07.814
63;2023-03-08 11:24:07.82
26;2023-03-08 11:24:07.825
65;2023-03-08 11:24:07.831
6;2023-03-08 11:24:07.836
90;2023-03-08 11:24:07.842
36;2023-03-08 11:24:07.847
3;2023-03-08 11:24:07.853
43;2023-03-08 11:24:07.864
34;2023-03-08 11:24:07.858
91;2023-03-08 11:24:07.87
60;2023-03-08 11:24:07.875
9;2023-03-08 11:24:07.881
2;2023-03-08 11:24:07.887
59;2023-03-08 11:24:07.892
0;2023-03-08 11:24:07.898
99;2023-03-08 11:24:07.904
41;2023-03-08 11:24:07.909
4;2023-03-08 11:24:07.915
65;2023-03-08 11:24:07.921
40;2023-03-08 11:24:07.927
68;2023-03-08 11:24:07.933
11;2023-03-08 11:24:07.938
67;2023-03-08 11:24:07.944
20;2023-03-08 11:24:07.951
85;2023-03-08 11:24:07.957
3;2023-03-08 11:24:07.963
27;2023-03-08 11:24:07.968
86;2023-03-08 11:24:07.973
75;2023-03-08 11:24:07.979
5;2023-03-08 11:24:07.985
4;2023-03-08 11:24:07.991
46;2023-03-08 11:24:07.996
51;2023-03-08 11:24:08.002
13;2023-03-08 11:24:08.008
15;2023-03-08 11:24:08.014
22;2023-03-08 11:24:08.02
46;2023-03-08 11:24:08.026
10;2023-03-08 11:24:08.032
70;2023-03-08 11:24:08.037
28;2023-03-08 11:24:08.043
26;2023-03-08 11:24:08.048
42;2023-03-08 11:24:08.054
8;2023-03-08 11:24:08.06
70;2023-03-08 11:24:08.065
87;2023-03-08 11:24:08.071
60;2023-03-08 11:24:08.076
48;2023-03-08 11:24:08.083
11;2023-03-08 11:24:08.089
22;2023-03-08 11:24:08.095
95;2023-03-08 11:24:08.102
43;2023-03-08 11:24:08.108
66;2023-03-08 11:24:08.113
41;2023-03-08 11:24:08.119
84;2023-03-08 11:24:08.125
33;2023-03-08 11:24:08.13
53;2023-03-08 11:24:08.136
22;2023-03-08 11:24:08.142
47;2023-03-08 11:24:08.148
48;2023-03-08 11:24:08.153
84;2023-03-08 11:24:08.159
78;2023-03-08 11:24:08.165
67;2023-03-08 11:24:08.171
91;2023-03-08 11:24:08.176
76;2023-03-08 11:24:08.182
23;2023-03-08 11:24:08.188
60;2023-03-08 11:24:08.194
42;2023-03-08 11:24:08.2
83;2023-03-08 11:24:08.206
53;2023-03-08 11:24:08.212
3;2023-03-08 11:24:08.217
48;2023-03-08 11:24:08.223
22;2023-03-08 11:24:08.229
46;2023-03-08 11:24:08.235
61;2023-03-08 11:24:08.242
90;2023-03-08 11:24:08.247
27;2023-03-08 11:24:08.253
0;2023-03-08 11:24:08.258
68;2023-03-08 11:24:08.264
35;2023-03-08 11:24:08.269
36;2023-03-08 11:24:08.275
72;2023-03-08 11:24:08.281
99;2023-03-08 11:24:08.287
96;2023-03-08 11:24:08.292
81;2023-03-08 11:24:08.298
95;2023-03-08 11:24:08.303
69;2023-03-08 11:24:08.308
79;2023-03-08 11:24:08.314
13;2023-03-08 11:24:08.319
65;2023-03-08 11:24:08.325
50;2023-03-08 11:24:08.33
37;2023-03-08 11:24:08.336
24;2023-03-08 11:24:08.341
95;2023-03-08 11:24:08.346
54;2023-03-08 11:24:08.353
32;2023-03-08 11:24:08.359
10;2023-03-08 11:24:08.365
72;2023-03-08 11:24:08.37
11;2023-03-08 11:24:08.376
63;2023-03-08 11:24:08.381
88;2023-03-08 11:24:08.387
27;2023-03-08 11:24:08.393
42;2023-03-08 11:24:08.399
43;2023-03-08 11:24:08.405
73;2023-03-08 11:24:08.41
28;2023-03-08 11:24:08.416
1;2023-03-08 11:24:08.421
56;2023-03-08 11:24:08.427
83;2023-03-08 11:24:08.432
22;2023-03-08 11:24:08.438
16;2023-03-08 11:24:08.444
54;2023-03-08 11:24:08.449
60;2023-03-08 11:24:08.455
35;2023-03-08 11:24:08.461
90;2023-03-08 11:24:08.467
26;2023-03-08 11:24:08.472
75;2023-03-08 11:24:08.478
61;2023-03-08 11:24:08.483
63;2023-03-08 11:24:08.489
53;2023-03-08 11:24:08.495
80;2023-03-08 11:24:08.5
1;2023-03-08 11:24:08.506
92;2023-03-08 11:24:08.512
91;2023-03-08 11:24:08.518
53;2023-03-08 11:24:08.523
78;2023-03-08 11:24:08.529
7;2023-03-08 11:24:08.535
38;2023-03-08 11:24:08.541
20;2023-03-08 11:24:08.547
60;2023-03-08 11:24:08.553
66;2023-03-08 11:24:08.558
18;2023-03-08 11:24:08.564
62;2023-03-08 11:24:08.57
96;2023-03-08 11:24:08.575
7;2023-03-08 11:24:08.58
1;2023-03-08 11:24:08.587
37;2023-03-08 11:24:08.592
31;2023-03-08 11:24:08.598
82;2023-03-08 11:24:08.604
52;2023-03-08 11:24:08.609
41;2023-03-08 11:24:08.616
83;2023-03-08 11:24:08.621
55;2023-03-08 11:24:08.627
44;2023-03-08 11:24:08.634
65;2023-03-08 11:24:08.64
9;2023-03-08 11:24:08.645
98;2023-03-08 11:24:08.65
47;2023-03-08 11:24:08.656
2;2023-03-08 11:24:08.662
57;2023-03-08 11:24:08.668
29;2023-03-08 11:24:08.675
60;2023-03-08 11:24:08.68
58;2023-03-08 11:24:08.686
91;2023-03-08 11:24:08.691
17;2023-03-08 11:24:08.697
10;2023-03-08 11:24:08.703
23;2023-03-08 11:24:08.709
18;2023-03-08 11:24:08.714
26;2023-03-08 11:24:08.72
97;2023-03-08 11:24:08.728
61;2023-03-08 11:24:08.733
3;2023-03-08 11:24:08.739
65;2023-03-08 11:24:08.745
23;2023-03-08 11:24:08.75
66;2023-03-08 11:24:08.756
88;2023-03-08 11:24:08.761
87;2023-03-08 11:24:08.767
1;2023-03-08 11:24:08.772
53;2023-03-08 11:24:08.778
93;2023-03-08 11:24:08.783
52;2023-03-08 11:24:08.789
54;2023-03-08 11:24:08.795
71;2023-03-08 11:24:08.801
60;2023-03-08 11:24:08.807
85;2023-03-08 11:24:08.812
98;2023-03-08 11:24:08.818
3;2023-03-08 11:24:08.824
5;2023-03-08 11:24:08.83
81;2023-03-08 11:24:08.835
20;2023-03-08 11:24:08.841
49;2023-03-08 11:24:08.847
26;2023-03-08 11:24:08.853
59;2023-03-08 11:24:08.859
66;2023-03-08 11:24:08.865
26;2023-03-08 11:24:08.87
30;2023-03-08 11:24:08.875
21;2023-03-08 11:24:08.881
97;2023-03-08 11:24:08.887
54;2023-03-08 11:24:08.892
5;2023-03-08 11:24:08.898
73;2023-03-08 11:24:08.904
62;2023-03-08 11:24:08.909
72;2023-03-08 11:24:08.92
34;2023-03-08 11:24:08.915
12;2023-03-08 11:24:08.926
93;2023-03-08 11:24:08.932
37;2023-03-08 11:24:08.938
59;2023-03-08 11:24:08.943
77;2023-03-08 11:24:08.949
40;2023-03-08 11:24:08.956
86;2023-03-08 11:24:08.962
30;2023-03-08 11:24:08.967
71;2023-03-08 11:24:08.973
32;2023-03-08 11:24:08.978
57;2023-03-08 11:24:08.984
30;2023-03-08 11:24:08.99
75;2023-03-08 11:24:08.996
2;2023-03-08 11:24:09.001
95;2023-03-08 11:24:09.007
89;2023-03-08 11:24:09.013
93;2023-03-08 11:24:09.018
5;2023-03-08 11:24:09.024
60;2023-03-08 11:24:09.029
92;2023-03-08 11:24:09.035
90;2023-03-08 11:24:09.041
54;2023-03-08 11:24:09.046
73;2023-03-08 11:24:09.053
54;2023-03-08 11:24:09.059
4;2023-03-08 11:24:09.064
30;2023-03-08 11:24:09.07
22;2023-03-08 11:24:09.076
10;2023-03-08 11:24:09.081
82;2023-03-08 11:24:09.087
96;2023-03-08 11:24:09.093
74;2023-03-08 11:24:09.098
76;2023-03-08 11:24:09.105
50;2023-03-08 11:24:09.11
89;2023-03-08 11:24:09.116
65;2023-03-08 11:24:09.122
17;2023-03-08 11:24:09.129
62;2023-03-08 11:24:09.134
92;2023-03-08 11:24:09.14
28;2023-03-08 11:24:09.145
91;2023-03-08 11:24:09.152
31;2023-03-08 11:24:09.157
84;2023-03-08 11:24:09.163
13;2023-03-08 11:24:09.168
67;2023-03-08 11:24:09.174
73;2023-03-08 11:24:09.179
70;2023-03-08 11:24:09.185
33;2023-03-08 11:24:09.191
1;2023-03-08 11:24:09.196
99;2023-03-08 11:24:09.202
26;2023-03-08 11:24:09.208
31;2023-03-08 11:24:09.213
35;2023-03-08 11:24:09.219
70;2023-03-08 11:24:09.224
57;2023-03-08 11:24:09.231
34;2023-03-08 11:24:09.236
34;2023-03-08 11:24:09.248
21;2023-03-08 11:24:09.241
64;2023-03-08 11:24:09.26
35;2023-03-08 11:24:09.254
17;2023-03-08 11:24:09.271
85;2023-03-08 11:24:09.265
99;2023-03-08 11:24:09.278
31;2023-03-08 11:24:09.283
90;2023-03-08 11:24:09.289
89;2023-03-08 11:24:09.296
83;2023-03-08 11:24:09.301
44;2023-03-08 11:24:09.307
90;2023-03-08 11:24:09.312
81;2023-03-08 11:24:09.317
47;2023-03-08 11:24:09.323
66;2023-03-08 11:24:09.328
88;2023-03-08 11:24:09.334
